Survived,Pclass,Age,SibSp,Parch,Ticket,Fare,Cabin,Embarked_Q,Embarked_S,Sex_male,Title_Col,Title_Countess,Title_Don,Title_Dr,Title_Jonkheer,Title_Lady,Title_Major,Title_Master,Title_Miss,Title_Mlle,Title_Mme,Title_Mr,Title_Mrs,Title_Ms,Title_Rev,Title_Sir
0,2,22.0,1,0,523,7.25,147,0,1,1,0,0,0,0,0,0,0,0,0,0,0,1,0,0,0,0
1,0,38.0,1,0,596,71.2833,81,0,0,0,0,0,0,0,0,0,0,0,0,0,0,0,1,0,0,0
1,2,26.0,0,0,669,7.925,147,0,1,0,0,0,0,0,0,0,0,0,1,0,0,0,0,0,0,0
1,0,35.0,1,0,49,53.1,55,0,1,0,0,0,0,0,0,0,0,0,0,0,0,0,1,0,0,0
0,2,35.0,0,0,472,8.05,147,0,1,1,0,0,0,0,0,0,0,0,0,0,0,1,0,0,0,0
0,2,29.69911764705882,0,0,275,8.4583,147,1,0,1,0,0,0,0,0,0,0,0,0,0,0,1,0,0,0,0
0,0,54.0,0,0,85,51.8625,129,0,1,1,0,0,0,0,0,0,0,0,0,0,0,1,0,0,0,0
0,2,2.0,3,1,395,21.075,147,0,1,1,0,0,0,0,0,0,0,1,0,0,0,0,0,0,0,0
1,2,27.0,0,2,344,11.1333,147,0,1,0,0,0,0,0,0,0,0,0,0,0,0,0,1,0,0,0
1,1,14.0,1,0,132,30.0708,147,0,0,0,0,0,0,0,0,0,0,0,0,0,0,0,1,0,0,0
1,2,4.0,1,1,616,16.7,145,0,1,0,0,0,0,0,0,0,0,0,1,0,0,0,0,0,0,0
1,0,58.0,0,0,38,26.55,49,0,1,0,0,0,0,0,0,0,0,0,1,0,0,0,0,0,0,0
0,2,20.0,0,0,535,8.05,147,0,1,1,0,0,0,0,0,0,0,0,0,0,0,1,0,0,0,0
0,2,39.0,1,5,333,31.275,147,0,1,1,0,0,0,0,0,0,0,0,0,0,0,1,0,0,0,0
0,2,14.0,0,0,413,7.8542,147,0,1,0,0,0,0,0,0,0,0,0,1,0,0,0,0,0,0,0
1,1,55.0,0,0,153,16.0,147,0,1,0,0,0,0,0,0,0,0,0,0,0,0,0,1,0,0,0
0,2,2.0,4,1,480,29.125,147,1,0,1,0,0,0,0,0,0,0,1,0,0,0,0,0,0,0,0
1,1,29.69911764705882,0,0,151,13.0,147,0,1,1,0,0,0,0,0,0,0,0,0,0,0,1,0,0,0,0
0,2,31.0,1,0,301,18.0,147,0,1,0,0,0,0,0,0,0,0,0,0,0,0,0,1,0,0,0
1,2,29.69911764705882,0,0,184,7.225,147,0,0,0,0,0,0,0,0,0,0,0,0,0,0,0,1,0,0,0
0,1,35.0,0,0,139,26.0,147,0,1,1,0,0,0,0,0,0,0,0,0,0,0,1,0,0,0,0
1,1,34.0,0,0,152,13.0,111,0,1,1,0,0,0,0,0,0,0,0,0,0,0,1,0,0,0,0
1,2,15.0,0,0,278,8.0292,147,1,0,0,0,0,0,0,0,0,0,0,1,0,0,0,0,0,0,0
1,0,28.0,0,0,42,35.5,13,0,1,1,0,0,0,0,0,0,0,0,0,0,0,1,0,0,0,0
0,2,8.0,3,1,395,21.075,147,0,1,0,0,0,0,0,0,0,0,0,1,0,0,0,0,0,0,0
1,2,38.0,1,5,329,31.3875,147,0,1,0,0,0,0,0,0,0,0,0,0,0,0,0,1,0,0,0
0,2,29.69911764705882,0,0,179,7.225,147,0,0,1,0,0,0,0,0,0,0,0,0,0,0,1,0,0,0,0
0,0,19.0,3,2,95,263.0,63,0,1,1,0,0,0,0,0,0,0,0,0,0,0,1,0,0,0,0
1,2,29.69911764705882,0,0,283,7.8792,147,1,0,0,0,0,0,0,0,0,0,0,1,0,0,0,0,0,0,0
0,2,29.69911764705882,0,0,362,7.8958,147,0,1,1,0,0,0,0,0,0,0,0,0,0,0,1,0,0,0,0
0,0,40.0,0,0,598,27.7208,147,0,0,1,0,0,1,0,0,0,0,0,0,0,0,0,0,0,0,0
1,0,29.69911764705882,1,0,586,146.5208,41,0,0,0,0,0,0,0,0,0,0,0,0,0,0,0,1,0,0,0
1,2,29.69911764705882,0,0,288,7.75,147,1,0,0,0,0,0,0,0,0,0,0,1,0,0,0,0,0,0,0
0,1,66.0,0,0,549,10.5,147,0,1,1,0,0,0,0,0,0,0,0,0,0,0,1,0,0,0,0
0,0,28.0,1,0,600,82.1708,147,0,0,1,0,0,0,0,0,0,0,0,0,0,0,1,0,0,0,0
0,0,42.0,1,0,43,52.0,147,0,1,1,0,0,0,0,0,0,0,0,0,0,0,1,0,0,0,0
1,2,29.69911764705882,0,0,202,7.2292,147,0,0,1,0,0,0,0,0,0,0,0,0,0,0,1,0,0,0,0
0,2,21.0,0,0,514,8.05,147,0,1,1,0,0,0,0,0,0,0,0,0,0,0,1,0,0,0,0
0,2,18.0,2,0,302,18.0,147,0,1,0,0,0,0,0,0,0,0,0,1,0,0,0,0,0,0,0
1,2,14.0,1,0,186,11.2417,147,0,0,0,0,0,0,0,0,0,0,0,1,0,0,0,0,0,0,0
0,2,40.0,1,0,507,9.475,147,0,1,0,0,0,0,0,0,0,0,0,0,0,0,0,1,0,0,0
0,1,27.0,1,0,53,21.0,147,0,1,0,0,0,0,0,0,0,0,0,0,0,0,0,1,0,0,0
0,2,29.69911764705882,0,0,391,7.8958,147,0,0,1,0,0,0,0,0,0,0,0,0,0,0,1,0,0,0,0
1,1,3.0,1,2,634,41.5792,147,0,0,0,0,0,0,0,0,0,0,0,1,0,0,0,0,0,0,0
1,2,19.0,0,0,282,7.8792,147,1,0,0,0,0,0,0,0,0,0,0,1,0,0,0,0,0,0,0
0,2,29.69911764705882,0,0,617,8.05,147,0,1,1,0,0,0,0,0,0,0,0,0,0,0,1,0,0,0,0
0,2,29.69911764705882,1,0,462,15.5,147,1,0,1,0,0,0,0,0,0,0,0,0,0,0,1,0,0,0,0
1,2,29.69911764705882,0,0,76,7.75,147,1,0,0,0,0,0,0,0,0,0,0,1,0,0,0,0,0,0,0
0,2,29.69911764705882,2,0,190,21.6792,147,0,0,1,0,0,0,0,0,0,0,0,0,0,0,1,0,0,0,0
0,2,18.0,1,0,377,17.8,147,0,1,0,0,0,0,0,0,0,0,0,0,0,0,0,1,0,0,0
0,2,7.0,4,1,249,39.6875,147,0,1,1,0,0,0,0,0,0,0,1,0,0,0,0,0,0,0,0
0,2,21.0,0,0,522,7.8,147,0,1,1,0,0,0,0,0,0,0,0,0,0,0,1,0,0,0,0
1,0,49.0,1,0,587,76.7292,101,0,0,0,0,0,0,0,0,0,0,0,0,0,0,0,1,0,0,0
1,1,29.0,1,0,239,26.0,147,0,1,0,0,0,0,0,0,0,0,0,0,0,0,0,1,0,0,0
0,0,65.0,0,1,29,61.9792,23,0,0,1,0,0,0,0,0,0,0,0,0,0,0,1,0,0,0,0
1,0,29.69911764705882,0,0,94,35.5,71,0,1,1,0,0,0,0,0,0,0,0,0,0,0,1,0,0,0,0
1,1,21.0,0,0,555,10.5,147,0,1,0,0,0,0,0,0,0,0,0,1,0,0,0,0,0,0,0
0,2,28.5,0,0,215,7.2292,147,0,0,1,0,0,0,0,0,0,0,0,0,0,0,1,0,0,0,0
1,1,5.0,1,2,561,27.75,147,0,1,0,0,0,0,0,0,0,0,0,1,0,0,0,0,0,0,0
0,2,11.0,5,2,566,46.9,147,0,1,1,0,0,0,0,0,0,0,1,0,0,0,0,0,0,0,0
0,2,22.0,0,0,197,7.2292,147,0,0,1,0,0,0,0,0,0,0,0,0,0,0,1,0,0,0,0
1,0,38.0,0,0,32,80.0,21,0,0,0,0,0,0,0,0,0,0,0,1,0,0,0,0,0,0,0
0,0,45.0,1,0,457,83.475,80,0,1,1,0,0,0,0,0,0,0,0,0,0,0,1,0,0,0,0
0,2,4.0,3,2,337,27.9,147,0,1,1,0,0,0,0,0,0,0,1,0,0,0,0,0,0,0,0
0,0,29.69911764705882,0,0,601,27.7208,147,0,0,1,0,0,0,0,0,0,0,0,0,0,0,1,0,0,0,0
1,2,29.69911764705882,1,1,189,15.2458,147,0,0,1,0,0,0,0,0,0,0,1,0,0,0,0,0,0,0,0
1,1,29.0,0,0,553,10.5,142,0,1,0,0,0,0,0,0,0,0,0,0,0,0,0,1,0,0,0
0,2,19.0,0,0,623,8.1583,147,0,1,1,0,0,0,0,0,0,0,0,0,0,0,1,0,0,0,0
1,2,17.0,4,2,248,7.925,147,0,1,0,0,0,0,0,0,0,0,0,1,0,0,0,0,0,0,0
0,2,26.0,2,0,270,8.6625,147,0,1,1,0,0,0,0,0,0,0,0,0,0,0,1,0,0,0,0
0,1,32.0,0,0,557,10.5,147,0,1,1,0,0,0,0,0,0,0,0,0,0,0,1,0,0,0,0
0,2,16.0,5,2,566,46.9,147,0,1,0,0,0,0,0,0,0,0,0,1,0,0,0,0,0,0,0
0,1,21.0,0,0,621,73.5,147,0,1,1,0,0,0,0,0,0,0,0,0,0,0,1,0,0,0,0
0,2,26.0,1,0,204,14.4542,147,0,0,1,0,0,0,0,0,0,0,0,0,0,0,1,0,0,0,0
1,2,32.0,0,0,80,56.4958,147,0,1,1,0,0,0,0,0,0,0,0,0,0,0,1,0,0,0,0
0,2,25.0,0,0,347,7.65,140,0,1,1,0,0,0,0,0,0,0,0,0,0,0,1,0,0,0,0
0,2,29.69911764705882,0,0,355,7.8958,147,0,1,1,0,0,0,0,0,0,0,0,0,0,0,1,0,0,0,0
0,2,29.69911764705882,0,0,473,8.05,147,0,1,1,0,0,0,0,0,0,0,0,0,0,0,1,0,0,0,0
1,1,0.83,0,2,158,29.0,147,0,1,1,0,0,0,0,0,0,0,1,0,0,0,0,0,0,0,0
1,2,30.0,0,0,432,12.475,147,0,1,0,0,0,0,0,0,0,0,0,1,0,0,0,0,0,0,0
0,2,22.0,0,0,304,9.0,147,0,1,1,0,0,0,0,0,0,0,0,0,0,0,1,0,0,0,0
1,2,29.0,0,0,311,9.5,147,0,1,1,0,0,0,0,0,0,0,0,0,0,0,1,0,0,0,0
1,2,29.69911764705882,0,0,280,7.7875,147,1,0,0,0,0,0,0,0,0,0,0,1,0,0,0,0,0,0,0
0,0,28.0,0,0,25,47.1,147,0,1,1,0,0,0,0,0,0,0,0,0,0,0,1,0,0,0,0
1,1,17.0,0,0,637,10.5,147,0,1,0,0,0,0,0,0,0,0,0,1,0,0,0,0,0,0,0
1,2,33.0,3,0,247,15.85,147,0,1,0,0,0,0,0,0,0,0,0,0,0,0,0,1,0,0,0
0,2,16.0,1,3,676,34.375,147,0,1,1,0,0,0,0,0,0,0,0,0,0,0,1,0,0,0,0
0,2,29.69911764705882,0,0,652,8.05,147,0,1,1,0,0,0,0,0,0,0,0,0,0,0,1,0,0,0,0
1,0,23.0,3,2,95,263.0,63,0,1,0,0,0,0,0,0,0,0,0,1,0,0,0,0,0,0,0
0,2,24.0,0,0,297,8.05,147,0,1,1,0,0,0,0,0,0,0,0,0,0,0,1,0,0,0,0
0,2,29.0,0,0,298,8.05,147,0,1,1,0,0,0,0,0,0,0,0,0,0,0,1,0,0,0,0
0,2,20.0,0,0,341,7.8542,147,0,1,1,0,0,0,0,0,0,0,0,0,0,0,1,0,0,0,0
0,0,46.0,1,0,678,61.175,122,0,1,1,0,0,0,0,0,0,0,0,0,0,0,1,0,0,0,0
0,2,26.0,1,2,548,20.575,147,0,1,1,0,0,0,0,0,0,0,0,0,0,0,1,0,0,0,0
0,2,59.0,0,0,428,7.25,147,0,1,1,0,0,0,0,0,0,0,0,0,0,0,1,0,0,0,0
0,2,29.69911764705882,0,0,475,8.05,147,0,1,1,0,0,0,0,0,0,0,0,0,0,0,1,0,0,0,0
0,0,71.0,0,0,607,34.6542,12,0,0,1,0,0,0,0,0,0,0,0,0,0,0,1,0,0,0,0
1,0,23.0,0,1,612,63.3583,91,0,0,1,0,0,0,0,0,0,0,0,0,0,0,1,0,0,0,0
1,1,34.0,0,1,117,23.0,147,0,1,0,0,0,0,0,0,0,0,0,0,0,0,0,1,0,0,0
0,1,34.0,1,0,150,26.0,147,0,1,1,0,0,0,0,0,0,0,0,0,0,0,1,0,0,0,0
0,2,28.0,0,0,384,7.8958,147,0,1,0,0,0,0,0,0,0,0,0,1,0,0,0,0,0,0,0
0,2,29.69911764705882,0,0,361,7.8958,147,0,1,1,0,0,0,0,0,0,0,0,0,0,0,1,0,0,0,0
0,0,21.0,0,1,417,77.2875,98,0,1,1,0,0,0,0,0,0,0,0,0,0,0,1,0,0,0,0
0,2,33.0,0,0,505,8.6542,147,0,1,1,0,0,0,0,0,0,0,0,0,0,0,1,0,0,0,0
0,2,37.0,2,0,245,7.925,147,0,1,1,0,0,0,0,0,0,0,0,0,0,0,1,0,0,0,0
0,2,28.0,0,0,354,7.8958,147,0,1,1,0,0,0,0,0,0,0,0,0,0,0,1,0,0,0,0
1,2,21.0,0,0,296,7.65,147,0,1,0,0,0,0,0,0,0,0,0,1,0,0,0,0,0,0,0
1,2,29.69911764705882,0,0,254,7.775,147,0,1,1,0,0,0,0,0,0,0,0,0,0,0,1,0,0,0,0
0,2,38.0,0,0,388,7.8958,147,0,1,1,0,0,0,0,0,0,0,0,0,0,0,1,0,0,0,0
1,2,29.69911764705882,1,0,469,24.15,147,1,0,0,0,0,0,0,0,0,0,0,1,0,0,0,0,0,0,0
0,0,47.0,0,0,2,52.0,52,0,1,1,0,0,0,0,0,0,0,0,0,0,0,1,0,0,0,0
0,2,14.5,1,0,193,14.4542,147,0,0,0,0,0,0,0,0,0,0,0,1,0,0,0,0,0,0,0
0,2,22.0,0,0,274,8.05,147,0,1,1,0,0,0,0,0,0,0,0,0,0,0,1,0,0,0,0
0,2,20.0,1,0,491,9.825,147,0,1,0,0,0,0,0,0,0,0,0,1,0,0,0,0,0,0,0
0,2,17.0,0,0,176,14.4583,147,0,0,0,0,0,0,0,0,0,0,0,1,0,0,0,0,0,0,0
0,2,21.0,0,0,666,7.925,147,0,1,1,0,0,0,0,0,0,0,0,0,0,0,1,0,0,0,0
0,2,70.5,0,0,460,7.75,147,1,0,1,0,0,0,0,0,0,0,0,0,0,0,1,0,0,0,0
0,1,29.0,1,0,53,21.0,147,0,1,1,0,0,0,0,0,0,0,0,0,0,0,1,0,0,0,0
0,0,24.0,0,1,585,247.5208,36,0,0,1,0,0,0,0,0,0,0,0,0,0,0,1,0,0,0,0
0,2,2.0,4,2,333,31.275,147,0,1,0,0,0,0,0,0,0,0,0,1,0,0,0,0,0,0,0
0,1,21.0,2,0,621,73.5,147,0,1,1,0,0,0,0,0,0,0,0,0,0,0,1,0,0,0,0
0,2,29.69911764705882,0,0,540,8.05,147,0,1,1,0,0,0,0,0,0,0,0,0,0,0,1,0,0,0,0
0,1,32.5,1,0,132,30.0708,147,0,0,1,0,0,0,0,0,0,0,0,0,0,0,1,0,0,0,0
1,1,32.5,0,0,219,13.0,116,0,1,0,0,0,0,0,0,0,0,0,1,0,0,0,0,0,0,0
0,0,54.0,0,1,417,77.2875,98,0,1,1,0,0,0,0,0,0,0,0,0,0,0,1,0,0,0,0
1,2,12.0,1,0,186,11.2417,147,0,0,1,0,0,0,0,0,0,0,1,0,0,0,0,0,0,0,0
0,2,29.69911764705882,0,0,463,7.75,147,1,0,1,0,0,0,0,0,0,0,0,0,0,0,1,0,0,0,0
1,2,24.0,0,0,541,7.1417,147,0,1,1,0,0,0,0,0,0,0,0,0,0,0,1,0,0,0,0
1,2,29.69911764705882,1,1,196,22.3583,138,0,0,0,0,0,0,0,0,0,0,0,1,0,0,0,0,0,0,0
0,2,45.0,0,0,318,6.975,147,0,1,1,0,0,0,0,0,0,0,0,0,0,0,1,0,0,0,0
0,2,33.0,0,0,380,7.8958,147,0,0,1,0,0,0,0,0,0,0,0,0,0,0,1,0,0,0,0
0,2,20.0,0,0,640,7.05,147,0,1,1,0,0,0,0,0,0,0,0,0,0,0,1,0,0,0,0
0,2,47.0,1,0,537,14.5,147,0,1,0,0,0,0,0,0,0,0,0,0,0,0,0,1,0,0,0
1,1,29.0,1,0,111,26.0,147,0,1,0,0,0,0,0,0,0,0,0,0,0,0,0,1,0,0,0
0,1,25.0,0,0,552,13.0,147,0,1,1,0,0,0,0,0,0,0,0,0,0,0,1,0,0,0,0
0,1,23.0,0,0,630,15.0458,147,0,0,1,0,0,0,0,0,0,0,0,0,0,0,1,0,0,0,0
1,0,19.0,0,2,55,26.2833,107,0,1,0,0,0,0,0,0,0,0,0,1,0,0,0,0,0,0,0
0,0,37.0,1,0,49,53.1,55,0,1,1,0,0,0,0,0,0,0,0,0,0,0,1,0,0,0,0
0,2,16.0,0,0,504,9.2167,147,0,1,1,0,0,0,0,0,0,0,0,0,0,0,1,0,0,0,0
0,0,24.0,0,0,592,79.2,45,0,0,1,0,0,0,0,0,0,0,0,0,0,0,1,0,0,0,0
0,2,29.69911764705882,0,2,203,15.2458,147,0,0,0,0,0,0,0,0,0,0,0,0,0,0,0,1,0,0,0
1,2,22.0,0,0,332,7.75,147,0,1,0,0,0,0,0,0,0,0,0,1,0,0,0,0,0,0,0
1,2,24.0,1,0,668,15.85,147,0,1,0,0,0,0,0,0,0,0,0,0,0,0,0,1,0,0,0
0,2,19.0,0,0,438,6.75,147,1,0,1,0,0,0,0,0,0,0,0,0,0,0,1,0,0,0,0
0,1,18.0,0,0,118,11.5,147,0,1,1,0,0,0,0,0,0,0,0,0,0,0,1,0,0,0,0
0,1,19.0,1,1,558,36.75,147,0,1,1,0,0,0,0,0,0,0,0,0,0,0,1,0,0,0,0
1,2,27.0,0,0,405,7.7958,147,0,1,1,0,0,0,0,0,0,0,0,0,0,0,1,0,0,0,0
0,2,9.0,2,2,676,34.375,147,0,1,0,0,0,0,0,0,0,0,0,1,0,0,0,0,0,0,0
0,1,36.5,0,2,113,26.0,141,0,1,1,0,0,0,0,0,0,0,0,0,0,0,1,0,0,0,0
0,1,42.0,0,0,147,13.0,147,0,1,1,0,0,0,0,0,0,0,0,0,0,0,0,0,0,1,0
0,1,51.0,0,0,622,12.525,147,0,1,1,0,0,0,0,0,0,0,0,0,0,0,0,0,0,1,0
1,0,22.0,1,0,36,66.6,61,0,1,0,0,0,0,0,0,0,0,0,0,0,0,0,1,0,0,0
0,2,55.5,0,0,516,8.05,147,0,1,1,0,0,0,0,0,0,0,0,0,0,0,1,0,0,0,0
0,2,40.5,0,2,538,14.5,147,0,1,1,0,0,0,0,0,0,0,0,0,0,0,1,0,0,0,0
0,2,29.69911764705882,0,0,573,7.3125,147,0,1,1,0,0,0,0,0,0,0,0,0,0,0,1,0,0,0,0
0,0,51.0,0,1,595,61.3792,147,0,0,1,0,0,0,0,0,0,0,0,0,0,0,1,0,0,0,0
1,2,16.0,0,0,418,7.7333,147,1,0,0,0,0,0,0,0,0,0,0,1,0,0,0,0,0,0,0
0,2,30.0,0,0,654,8.05,147,0,1,1,0,0,0,0,0,0,0,0,0,0,0,1,0,0,0,0
0,2,29.69911764705882,0,0,258,8.6625,147,0,1,1,0,0,0,0,0,0,0,0,0,0,0,1,0,0,0,0
0,2,29.69911764705882,6,2,568,69.55,147,0,1,1,0,0,0,0,0,0,0,1,0,0,0,0,0,0,0,0
0,2,44.0,0,1,470,16.1,147,0,1,1,0,0,0,0,0,0,0,0,0,0,0,1,0,0,0,0
1,1,40.0,0,0,559,15.75,147,0,1,0,0,0,0,0,0,0,0,0,0,0,0,0,1,0,0,0
0,2,26.0,0,0,323,7.775,147,0,1,1,0,0,0,0,0,0,0,0,0,0,0,1,0,0,0,0
0,2,17.0,0,0,265,8.6625,147,0,1,1,0,0,0,0,0,0,0,0,0,0,0,1,0,0,0,0
0,2,1.0,4,1,249,39.6875,147,0,1,1,0,0,0,0,0,0,0,1,0,0,0,0,0,0,0,0
1,2,9.0,0,2,423,20.525,147,0,1,1,0,0,0,0,0,0,0,1,0,0,0,0,0,0,0,0
1,0,29.69911764705882,0,1,28,55.0,123,0,1,0,0,0,0,0,0,0,0,0,0,0,0,0,1,0,0,0
0,2,45.0,1,4,337,27.9,147,0,1,0,0,0,0,0,0,0,0,0,0,0,0,0,1,0,0,0
0,0,29.69911764705882,0,0,576,25.925,147,0,1,1,0,0,0,0,0,0,0,0,0,0,0,1,0,0,0,0
0,2,28.0,0,0,80,56.4958,147,0,1,1,0,0,0,0,0,0,0,0,0,0,0,1,0,0,0,0
0,0,61.0,0,0,5,33.5,18,0,1,1,0,0,0,0,0,0,0,0,0,0,0,1,0,0,0,0
0,2,4.0,4,1,480,29.125,147,1,0,1,0,0,0,0,0,0,0,1,0,0,0,0,0,0,0,0
1,2,1.0,1,1,344,11.1333,147,0,1,0,0,0,0,0,0,0,0,0,1,0,0,0,0,0,0,0
0,2,21.0,0,0,659,7.925,147,0,1,1,0,0,0,0,0,0,0,0,0,0,0,1,0,0,0,0
0,0,56.0,0,0,90,30.6958,14,0,0,1,0,0,0,0,0,0,0,0,0,0,0,1,0,0,0,0
0,2,18.0,1,1,412,7.8542,147,0,1,1,0,0,0,0,0,0,0,0,0,0,0,1,0,0,0,0
0,2,29.69911764705882,3,1,488,25.4667,147,0,1,1,0,0,0,0,0,0,0,1,0,0,0,0,0,0,0,0
0,0,50.0,0,0,593,28.7125,69,0,0,0,0,0,0,0,0,0,0,0,1,0,0,0,0,0,0,0
0,1,30.0,0,0,169,13.0,147,0,1,1,0,0,0,0,0,0,0,0,0,0,0,1,0,0,0,0
0,2,36.0,0,0,574,0.0,147,0,1,1,0,0,0,0,0,0,0,0,0,0,0,1,0,0,0,0
0,2,29.69911764705882,6,2,568,69.55,147,0,1,0,0,0,0,0,0,0,0,0,1,0,0,0,0,0,0,0
0,1,29.69911764705882,0,0,629,15.05,147,0,0,1,0,0,0,0,0,0,0,0,0,0,0,1,0,0,0,0
0,2,9.0,4,2,329,31.3875,147,0,1,1,0,0,0,0,0,0,0,1,0,0,0,0,0,0,0,0
1,1,1.0,2,1,114,39.0,144,0,1,1,0,0,0,0,0,0,0,1,0,0,0,0,0,0,0,0
1,2,4.0,0,2,271,22.025,147,0,1,0,0,0,0,0,0,0,0,0,1,0,0,0,0,0,0,0
0,0,29.69911764705882,0,0,34,50.0,9,0,1,1,0,0,0,0,0,0,0,0,0,0,0,1,0,0,0,0
1,2,29.69911764705882,1,0,459,15.5,147,1,0,0,0,0,0,0,0,0,0,0,0,0,0,0,1,0,0,0
1,0,45.0,0,0,11,26.55,147,0,1,1,0,0,0,0,0,0,0,0,0,0,0,1,0,0,0,0
0,2,40.0,1,1,435,15.5,147,1,0,1,0,0,0,0,0,0,0,0,0,0,0,1,0,0,0,0
0,2,36.0,0,0,386,7.8958,147,0,1,1,0,0,0,0,0,0,0,0,0,0,0,1,0,0,0,0
1,1,32.0,0,0,122,13.0,147,0,1,0,0,0,0,0,0,0,0,0,0,0,0,0,1,0,0,0
0,1,19.0,0,0,227,13.0,147,0,1,1,0,0,0,0,0,0,0,0,0,0,0,1,0,0,0,0
1,2,19.0,1,0,406,7.8542,147,0,1,0,0,0,0,0,0,0,0,0,1,0,0,0,0,0,0,0
1,1,3.0,1,1,113,26.0,141,0,1,1,0,0,0,0,0,0,0,1,0,0,0,0,0,0,0,0
1,0,44.0,0,0,604,27.7208,28,0,0,0,0,0,0,0,0,0,0,0,0,0,0,0,1,0,0,0
1,0,58.0,0,0,586,146.5208,43,0,0,0,0,0,0,0,0,0,0,0,1,0,0,0,0,0,0,0
0,2,29.69911764705882,0,0,452,7.75,147,1,0,1,0,0,0,0,0,0,0,0,0,0,0,1,0,0,0,0
0,2,42.0,0,1,494,8.4042,147,0,1,1,0,0,0,0,0,0,0,0,0,0,0,1,0,0,0,0
1,2,29.69911764705882,0,0,461,7.75,147,1,0,0,0,0,0,0,0,0,0,0,1,0,0,0,0,0,0,0
0,1,24.0,0,0,160,13.0,147,0,1,0,0,0,0,0,0,0,0,0,1,0,0,0,0,0,0,0
0,2,28.0,0,0,306,9.5,147,0,1,1,0,0,0,0,0,0,0,0,0,0,0,1,0,0,0,0
0,2,29.69911764705882,6,2,568,69.55,147,0,1,1,0,0,0,0,0,0,0,0,0,0,0,1,0,0,0,0
0,2,34.0,0,0,242,6.4958,147,0,1,1,0,0,0,0,0,0,0,0,0,0,0,1,0,0,0,0
0,2,45.5,0,0,177,7.225,147,0,0,1,0,0,0,0,0,0,0,0,0,0,0,1,0,0,0,0
1,2,18.0,0,0,530,8.05,147,0,1,1,0,0,0,0,0,0,0,0,0,0,0,1,0,0,0,0
0,2,2.0,0,1,316,10.4625,145,0,1,0,0,0,0,0,0,0,0,0,1,0,0,0,0,0,0,0
0,2,32.0,1,0,247,15.85,147,0,1,1,0,0,0,0,0,0,0,0,0,0,0,1,0,0,0,0
1,2,26.0,0,0,216,18.7875,147,0,0,1,0,0,0,0,0,0,0,0,0,0,0,1,0,0,0,0
1,2,16.0,0,0,445,7.75,147,1,0,0,0,0,0,0,0,0,0,0,1,0,0,0,0,0,0,0
1,0,40.0,0,0,17,31.0,8,0,0,1,0,0,0,0,0,0,0,0,0,0,0,1,0,0,0,0
0,2,24.0,0,0,642,7.05,147,0,1,1,0,0,0,0,0,0,0,0,0,0,0,1,0,0,0,0
1,1,35.0,0,0,570,21.0,147,0,1,0,0,0,0,0,0,0,0,0,1,0,0,0,0,0,0,0
0,2,22.0,0,0,526,7.25,147,0,1,1,0,0,0,0,0,0,0,0,0,0,0,1,0,0,0,0
0,1,30.0,0,0,163,13.0,147,0,1,1,0,0,0,0,0,0,0,0,0,0,0,1,0,0,0,0
0,2,29.69911764705882,1,0,443,7.75,147,1,0,1,0,0,0,0,0,0,0,0,0,0,0,1,0,0,0,0
1,0,31.0,1,0,416,113.275,103,0,0,0,0,0,0,0,0,0,0,0,1,0,0,0,0,0,0,0
1,2,27.0,0,0,670,7.925,147,0,1,0,0,0,0,0,0,0,0,0,1,0,0,0,0,0,0,0
0,1,42.0,1,0,142,27.0,147,0,1,1,0,0,0,0,0,0,0,0,0,0,0,1,0,0,0,0
1,0,32.0,0,0,63,76.2917,93,0,0,0,0,0,0,0,0,0,0,0,1,0,0,0,0,0,0,0
0,1,30.0,0,0,679,10.5,147,0,1,1,0,0,0,0,0,0,0,0,0,0,0,1,0,0,0,0
1,2,16.0,0,0,653,8.05,147,0,1,1,0,0,0,0,0,0,0,0,0,0,0,1,0,0,0,0
0,1,27.0,0,0,105,13.0,147,0,1,1,0,0,0,0,0,0,0,0,0,0,0,1,0,0,0,0
0,2,51.0,0,0,102,8.05,147,0,1,1,0,0,0,0,0,0,0,0,0,0,0,1,0,0,0,0
0,2,29.69911764705882,0,0,375,7.8958,147,0,1,1,0,0,0,0,0,0,0,0,0,0,0,1,0,0,0,0
1,0,38.0,1,0,93,90.0,87,0,1,1,0,0,0,0,0,0,0,0,0,0,0,1,0,0,0,0
0,2,22.0,0,0,615,9.35,147,0,1,1,0,0,0,0,0,0,0,0,0,0,0,1,0,0,0,0
1,1,19.0,0,0,672,10.5,147,0,1,1,0,0,0,0,0,0,0,0,0,0,0,1,0,0,0,0
0,2,20.5,0,0,525,7.25,147,0,1,1,0,0,0,0,0,0,0,0,0,0,0,1,0,0,0,0
0,1,18.0,0,0,125,13.0,147,0,1,1,0,0,0,0,0,0,0,0,0,0,0,1,0,0,0,0
0,2,29.69911764705882,3,1,488,25.4667,147,0,1,0,0,0,0,0,0,0,0,0,1,0,0,0,0,0,0,0
1,0,35.0,1,0,457,83.475,80,0,1,0,0,0,0,0,0,0,0,0,0,0,0,0,1,0,0,0
0,2,29.0,0,0,322,7.775,147,0,1,1,0,0,0,0,0,0,0,0,0,0,0,1,0,0,0,0
0,1,59.0,0,0,128,13.5,147,0,1,1,0,0,0,0,0,0,0,0,0,0,0,1,0,0,0,0
1,2,5.0,4,2,329,31.3875,147,0,1,0,0,0,0,0,0,0,0,0,1,0,0,0,0,0,0,0
0,1,24.0,0,0,554,10.5,147,0,1,1,0,0,0,0,0,0,0,0,0,0,0,1,0,0,0,0
0,2,29.69911764705882,0,0,677,7.55,147,0,1,0,0,0,0,0,0,0,0,0,1,0,0,0,0,0,0,0
0,1,44.0,1,0,198,26.0,147,0,1,1,0,0,0,0,0,0,0,0,0,0,0,1,0,0,0,0
1,1,8.0,0,2,556,26.25,147,0,1,0,0,0,0,0,0,0,0,0,1,0,0,0,0,0,0,0
0,1,19.0,0,0,231,10.5,147,0,1,1,0,0,0,0,0,0,0,0,0,0,0,1,0,0,0,0
0,1,33.0,0,0,636,12.275,147,0,1,1,0,0,0,0,0,0,0,0,0,0,0,1,0,0,0,0
0,2,29.69911764705882,1,0,193,14.4542,147,0,0,0,0,0,0,0,0,0,0,0,1,0,0,0,0,0,0,0
1,2,29.69911764705882,1,0,444,15.5,147,1,0,0,0,0,0,0,0,0,0,0,1,0,0,0,0,0,0,0
0,1,29.0,0,0,674,10.5,147,0,1,1,0,0,0,0,0,0,0,0,0,0,0,1,0,0,0,0
0,2,22.0,0,0,658,7.125,147,0,1,1,0,0,0,0,0,0,0,0,0,0,0,1,0,0,0,0
0,2,30.0,0,0,213,7.225,147,0,0,1,0,0,0,0,0,0,0,0,0,0,0,1,0,0,0,0
0,0,44.0,2,0,92,90.0,78,1,0,1,0,0,0,1,0,0,0,0,0,0,0,0,0,0,0,0
0,2,25.0,0,0,325,7.775,147,0,1,0,0,0,0,0,0,0,0,0,1,0,0,0,0,0,0,0
1,1,24.0,0,2,166,14.5,147,0,1,0,0,0,0,0,0,0,0,0,0,0,0,0,1,0,0,0
1,0,37.0,1,1,54,52.5542,102,0,1,1,0,0,0,0,0,0,0,0,0,0,0,1,0,0,0,0
0,1,54.0,1,0,144,26.0,147,0,1,1,0,0,0,0,0,0,0,0,0,0,0,0,0,0,1,0
0,2,29.69911764705882,0,0,422,7.25,147,0,1,1,0,0,0,0,0,0,0,0,0,0,0,1,0,0,0,0
0,2,29.0,1,1,316,10.4625,145,0,1,0,0,0,0,0,0,0,0,0,0,0,0,0,1,0,0,0
0,0,62.0,0,0,31,26.55,83,0,1,1,0,0,0,0,0,0,0,0,0,0,0,1,0,0,0,0
0,2,30.0,1,0,536,16.1,147,0,1,1,0,0,0,0,0,0,0,0,0,0,0,1,0,0,0,0
0,2,41.0,0,2,458,20.2125,147,0,1,0,0,0,0,0,0,0,0,0,0,0,0,0,1,0,0,0
1,2,29.0,0,2,185,15.2458,147,0,0,0,0,0,0,0,0,0,0,0,0,0,0,0,1,0,0,0
1,0,29.69911764705882,0,0,589,79.2,147,0,0,0,0,0,0,0,0,0,0,0,0,0,0,0,1,0,0,0
1,0,30.0,0,0,0,86.5,40,0,1,0,0,0,0,0,0,0,0,0,1,0,0,0,0,0,0,0
1,0,35.0,0,0,608,512.3292,147,0,0,0,0,0,0,0,0,0,0,0,1,0,0,0,0,0,0,0
1,1,50.0,0,1,115,26.0,147,0,1,0,0,0,0,0,0,0,0,0,0,0,0,0,1,0,0,0
0,2,29.69911764705882,0,0,482,7.75,147,1,0,1,0,0,0,0,0,0,0,0,0,0,0,1,0,0,0,0
1,2,3.0,4,2,329,31.3875,147,0,1,1,0,0,0,0,0,0,0,1,0,0,0,0,0,0,0,0
0,0,52.0,1,1,1,79.65,134,0,1,1,0,0,0,0,0,0,0,0,0,0,0,1,0,0,0,0
0,0,40.0,0,0,16,0.0,46,0,1,1,0,0,0,0,0,0,0,0,0,0,0,1,0,0,0,0
0,2,29.69911764705882,0,0,478,7.75,147,1,0,0,0,0,0,0,0,0,0,0,1,0,0,0,0,0,0,0
0,1,36.0,0,0,546,10.5,147,0,1,1,0,0,0,0,0,0,0,0,0,0,0,1,0,0,0,0
0,2,16.0,4,1,249,39.6875,147,0,1,1,0,0,0,0,0,0,0,0,0,0,0,1,0,0,0,0
1,2,25.0,1,0,334,7.775,147,0,1,1,0,0,0,0,0,0,0,0,0,0,0,1,0,0,0,0
1,0,58.0,0,1,588,153.4625,57,0,1,0,0,0,0,0,0,0,0,0,0,0,0,0,1,0,0,0
1,0,35.0,0,0,613,135.6333,89,0,1,0,0,0,0,0,0,0,0,0,1,0,0,0,0,0,0,0
0,0,29.69911764705882,0,0,47,31.0,147,0,1,1,0,0,0,0,0,0,0,0,0,0,0,1,0,0,0,0
1,2,25.0,0,0,574,0.0,147,0,1,1,0,0,0,0,0,0,0,0,0,0,0,1,0,0,0,0
1,1,41.0,0,1,162,19.5,147,0,1,0,0,0,0,0,0,0,0,0,0,0,0,0,1,0,0,0
0,0,37.0,0,1,594,29.7,54,0,0,1,0,0,0,0,0,0,0,0,0,0,0,1,0,0,0,0
1,2,29.69911764705882,0,0,465,7.75,147,1,0,0,0,0,0,0,0,0,0,0,1,0,0,0,0,0,0,0
1,0,63.0,1,0,71,77.9583,113,0,1,0,0,0,0,0,0,0,0,0,1,0,0,0,0,0,0,0
0,2,45.0,0,0,326,7.75,147,0,1,0,0,0,0,0,0,0,0,0,1,0,0,0,0,0,0,0
0,1,29.69911764705882,0,0,135,0.0,147,0,1,1,0,0,0,0,0,0,0,0,0,0,0,1,0,0,0,0
0,2,7.0,4,1,480,29.125,147,1,0,1,0,0,0,0,0,0,0,1,0,0,0,0,0,0,0,0
1,2,35.0,1,1,551,20.25,147,0,1,0,0,0,0,0,0,0,0,0,0,0,0,0,1,0,0,0
0,2,65.0,0,0,290,7.75,147,1,0,1,0,0,0,0,0,0,0,0,0,0,0,1,0,0,0,0
0,2,28.0,0,0,340,7.8542,147,0,1,1,0,0,0,0,0,0,0,0,0,0,0,1,0,0,0,0
0,2,16.0,0,0,310,9.5,147,0,1,1,0,0,0,0,0,0,0,0,0,0,0,1,0,0,0,0
1,2,19.0,0,0,533,8.05,147,0,1,1,0,0,0,0,0,0,0,0,0,0,0,1,0,0,0,0
0,0,29.69911764705882,0,0,24,26.0,3,0,1,1,0,0,0,0,0,0,0,0,0,0,0,1,0,0,0,0
0,2,33.0,0,0,378,8.6625,147,0,0,1,0,0,0,0,0,0,0,0,0,0,0,1,0,0,0,0
1,2,30.0,0,0,308,9.5,147,0,1,1,0,0,0,0,0,0,0,0,0,0,0,1,0,0,0,0
0,2,22.0,0,0,353,7.8958,147,0,1,1,0,0,0,0,0,0,0,0,0,0,0,1,0,0,0,0
1,1,42.0,0,0,134,13.0,147,0,1,1,0,0,0,0,0,0,0,0,0,0,0,1,0,0,0,0
1,2,22.0,0,0,464,7.75,147,1,0,0,0,0,0,0,0,0,0,0,1,0,0,0,0,0,0,0
1,0,26.0,0,0,91,78.85,147,0,1,0,0,0,0,0,0,0,0,0,1,0,0,0,0,0,0,0
1,0,19.0,1,0,64,91.0792,31,0,0,0,0,0,0,0,0,0,0,0,0,0,0,0,1,0,0,0
0,1,36.0,0,0,635,12.875,90,0,0,1,0,0,0,0,0,0,0,0,0,0,0,1,0,0,0,0
0,2,24.0,0,0,376,8.85,147,0,1,0,0,0,0,0,0,0,0,0,1,0,0,0,0,0,0,0
0,2,24.0,0,0,374,7.8958,147,0,1,1,0,0,0,0,0,0,0,0,0,0,0,1,0,0,0,0
0,0,29.69911764705882,0,0,606,27.7208,147,0,0,1,0,0,0,0,0,0,0,0,0,0,0,1,0,0,0,0
0,2,23.5,0,0,212,7.2292,147,0,0,1,0,0,0,0,0,0,0,0,0,0,0,1,0,0,0,0
0,0,2.0,1,2,37,151.55,62,0,1,0,0,0,0,0,0,0,0,0,1,0,0,0,0,0,0,0
1,0,29.69911764705882,0,0,98,30.5,51,0,1,1,0,0,0,0,0,0,0,0,0,0,0,1,0,0,0,0
1,0,50.0,0,1,585,247.5208,36,0,0,0,0,0,0,0,0,0,0,0,0,0,0,0,1,0,0,0
1,2,29.69911764705882,0,0,513,7.75,147,1,0,0,0,0,0,0,0,0,0,0,1,0,0,0,0,0,0,0
1,2,29.69911764705882,2,0,441,23.25,147,1,0,1,0,0,0,0,0,0,0,0,0,0,0,1,0,0,0,0
0,2,19.0,0,0,574,0.0,147,0,1,1,0,0,0,0,0,0,0,0,0,0,0,1,0,0,0,0
1,1,29.69911764705882,0,0,109,12.35,116,1,0,0,0,0,0,0,0,0,0,0,1,0,0,0,0,0,0,0
0,2,29.69911764705882,0,0,527,8.05,147,0,1,1,0,0,0,0,0,0,0,0,0,0,0,1,0,0,0,0
1,0,0.92,1,2,37,151.55,62,0,1,1,0,0,0,0,0,0,0,1,0,0,0,0,0,0,0,0
1,0,29.69911764705882,0,0,83,110.8833,147,0,0,0,0,0,0,0,0,0,0,0,1,0,0,0,0,0,0,0
1,0,17.0,1,0,611,108.9,74,0,0,0,0,0,0,0,0,0,0,0,0,0,0,0,1,0,0,0
0,1,30.0,1,0,575,24.0,147,0,0,1,0,0,0,0,0,0,0,0,0,0,0,1,0,0,0,0
1,0,30.0,0,0,584,56.9292,125,0,0,0,0,0,0,0,0,0,0,0,1,0,0,0,0,0,0,0
1,0,24.0,0,0,59,83.1583,72,0,0,0,0,0,0,0,0,0,0,0,1,0,0,0,0,0,0,0
1,0,18.0,2,2,602,262.375,35,0,0,0,0,0,0,0,0,0,0,0,1,0,0,0,0,0,0,0
0,1,26.0,1,1,167,26.0,147,0,1,0,0,0,0,0,0,0,0,0,0,0,0,0,1,0,0,0
0,2,28.0,0,0,382,7.8958,147,0,1,1,0,0,0,0,0,0,0,0,0,0,0,1,0,0,0,0
0,1,43.0,1,1,571,26.25,147,0,1,1,0,0,0,0,0,0,0,0,0,0,0,1,0,0,0,0
1,2,26.0,0,0,343,7.8542,147,0,1,0,0,0,0,0,0,0,0,0,1,0,0,0,0,0,0,0
1,1,24.0,1,0,150,26.0,147,0,1,0,0,0,0,0,0,0,0,0,0,0,0,0,1,0,0,0
0,1,54.0,0,0,232,14.0,147,0,1,1,0,0,0,1,0,0,0,0,0,0,0,0,0,0,0,0
1,0,31.0,0,2,453,164.8667,76,0,1,0,0,0,0,0,0,0,0,0,1,0,0,0,0,0,0,0
1,0,40.0,1,1,81,134.5,124,0,0,0,0,0,0,0,0,0,0,0,0,0,0,0,1,0,0,0
0,2,22.0,0,0,524,7.25,147,0,1,1,0,0,0,0,0,0,0,0,0,0,0,1,0,0,0,0
0,2,27.0,0,0,365,7.8958,147,0,1,1,0,0,0,0,0,0,0,0,0,0,0,1,0,0,0,0
1,1,30.0,0,0,124,12.35,147,1,0,0,0,0,0,0,0,0,0,0,1,0,0,0,0,0,0,0
1,1,22.0,1,1,158,29.0,147,0,1,0,0,0,0,0,0,0,0,0,0,0,0,0,1,0,0,0
0,2,29.69911764705882,6,2,568,69.55,147,0,1,1,0,0,0,0,0,0,0,0,0,0,0,1,0,0,0,0
1,0,36.0,0,0,613,135.6333,65,0,0,0,0,0,0,0,0,0,0,0,1,0,0,0,0,0,0,0
0,2,61.0,0,0,299,6.2375,147,0,1,1,0,0,0,0,0,0,0,0,0,0,0,1,0,0,0,0
1,1,36.0,0,0,229,13.0,90,0,1,0,0,0,0,0,0,0,0,0,0,0,0,0,1,0,0,0
1,2,31.0,1,1,423,20.525,147,0,1,0,0,0,0,0,0,0,0,0,0,0,0,0,1,0,0,0
1,0,16.0,0,1,7,57.9792,17,0,0,0,0,0,0,0,0,0,0,0,1,0,0,0,0,0,0,0
1,2,29.69911764705882,2,0,441,23.25,147,1,0,0,0,0,0,0,0,0,0,0,1,0,0,0,0,0,0,0
0,0,45.5,0,0,20,28.5,56,0,1,1,0,0,0,0,0,0,0,0,0,0,0,1,0,0,0,0
0,0,38.0,0,1,588,153.4625,85,0,1,1,0,0,0,0,0,0,0,0,0,0,0,1,0,0,0,0
0,2,16.0,2,0,302,18.0,147,0,1,1,0,0,0,0,0,0,0,0,0,0,0,1,0,0,0,0
1,0,29.69911764705882,1,0,605,133.65,147,0,1,0,0,0,0,0,0,0,0,0,0,0,0,0,1,0,0,0
0,2,29.69911764705882,0,0,370,7.8958,147,0,1,1,0,0,0,0,0,0,0,0,0,0,0,1,0,0,0,0
0,0,29.0,1,0,36,66.6,61,0,1,1,0,0,0,0,0,0,0,0,0,0,0,1,0,0,0,0
1,0,41.0,0,0,81,134.5,127,0,0,0,0,0,0,0,0,0,0,0,1,0,0,0,0,0,0,0
1,2,45.0,0,0,510,8.05,147,0,1,1,0,0,0,0,0,0,0,0,0,0,0,1,0,0,0,0
0,0,45.0,0,0,39,35.5,146,0,1,1,0,0,0,0,0,0,0,0,0,0,0,1,0,0,0,0
1,1,2.0,1,1,113,26.0,141,0,1,1,0,0,0,0,0,0,0,1,0,0,0,0,0,0,0,0
1,0,24.0,3,2,95,263.0,63,0,1,0,0,0,0,0,0,0,0,0,1,0,0,0,0,0,0,0
0,1,28.0,0,0,159,13.0,147,0,1,1,0,0,0,0,0,0,0,0,0,0,0,1,0,0,0,0
0,1,25.0,0,0,149,13.0,147,0,1,1,0,0,0,0,0,0,0,0,0,0,0,1,0,0,0,0
0,1,36.0,0,0,112,13.0,147,0,1,1,0,0,0,0,0,0,0,0,0,0,0,1,0,0,0,0
1,1,24.0,0,0,157,13.0,142,0,1,0,0,0,0,0,0,0,0,0,1,0,0,0,0,0,0,0
1,1,40.0,0,0,257,13.0,147,0,1,0,0,0,0,0,0,0,0,0,1,0,0,0,0,0,0,0
1,2,29.69911764705882,1,0,483,16.1,147,0,1,0,0,0,0,0,0,0,0,0,0,0,0,0,1,0,0,0
1,2,3.0,1,1,562,15.9,147,0,1,1,0,0,0,0,0,0,0,1,0,0,0,0,0,0,0,0
0,2,42.0,0,0,262,8.6625,147,0,1,1,0,0,0,0,0,0,0,0,0,0,0,1,0,0,0,0
0,2,23.0,0,0,503,9.225,147,0,1,1,0,0,0,0,0,0,0,0,0,0,0,1,0,0,0,0
0,0,29.69911764705882,0,0,30,35.0,59,0,1,1,0,0,0,0,0,0,0,0,0,0,0,1,0,0,0,0
0,2,15.0,1,1,214,7.2292,147,0,0,1,0,0,0,0,0,0,0,0,0,0,0,1,0,0,0,0
0,2,25.0,1,0,377,17.8,147,0,1,1,0,0,0,0,0,0,0,0,0,0,0,1,0,0,0,0
0,2,29.69911764705882,0,0,182,7.225,147,0,0,1,0,0,0,0,0,0,0,0,0,0,0,1,0,0,0,0
0,2,28.0,0,0,314,9.5,147,0,1,1,0,0,0,0,0,0,0,0,0,0,0,1,0,0,0,0
1,0,22.0,0,1,28,55.0,123,0,1,0,0,0,0,0,0,0,0,0,1,0,0,0,0,0,0,0
0,1,38.0,0,0,131,13.0,147,0,1,0,0,0,0,0,0,0,0,0,1,0,0,0,0,0,0,0
1,2,29.69911764705882,0,0,279,7.8792,147,1,0,0,0,0,0,0,0,0,0,0,1,0,0,0,0,0,0,0
1,2,29.69911764705882,0,0,285,7.8792,147,1,0,0,0,0,0,0,0,0,0,0,1,0,0,0,0,0,0,0
0,2,40.0,1,4,337,27.9,147,0,1,1,0,0,0,0,0,0,0,0,0,0,0,1,0,0,0,0
0,1,29.0,1,0,633,27.7208,147,0,0,1,0,0,0,0,0,0,0,0,0,0,0,1,0,0,0,0
0,2,45.0,0,1,211,14.4542,147,0,0,0,0,0,0,0,0,0,0,0,0,0,0,0,1,0,0,0
0,2,35.0,0,0,641,7.05,147,0,1,1,0,0,0,0,0,0,0,0,0,0,0,1,0,0,0,0
0,2,29.69911764705882,1,0,459,15.5,147,1,0,1,0,0,0,0,0,0,0,0,0,0,0,1,0,0,0,0
0,2,30.0,0,0,544,7.25,147,0,1,1,0,0,0,0,0,0,0,0,0,0,0,1,0,0,0,0
1,0,60.0,1,0,4,75.25,104,0,0,0,0,0,0,0,0,0,0,0,0,0,0,0,1,0,0,0
1,2,29.69911764705882,0,0,175,7.2292,147,0,0,0,0,0,0,0,0,0,0,0,0,0,0,0,1,0,0,0
1,2,29.69911764705882,0,0,78,7.75,147,1,0,0,0,0,0,0,0,0,0,0,1,0,0,0,0,0,0,0
1,0,24.0,0,0,581,69.3,24,0,0,0,0,0,0,0,0,0,0,0,0,0,1,0,0,0,0,0
1,0,25.0,1,0,58,55.4417,131,0,0,1,0,0,0,0,0,0,0,0,0,0,0,1,0,0,0,0
0,2,18.0,1,0,244,6.4958,147,0,1,1,0,0,0,0,0,0,0,0,0,0,0,1,0,0,0,0
0,2,19.0,0,0,273,8.05,147,0,1,1,0,0,0,0,0,0,0,0,0,0,0,1,0,0,0,0
0,0,22.0,0,0,613,135.6333,147,0,0,1,0,0,0,0,0,0,0,0,0,0,0,1,0,0,0,0
0,2,3.0,3,1,395,21.075,147,0,1,0,0,0,0,0,0,0,0,0,1,0,0,0,0,0,0,0
1,0,29.69911764705882,1,0,600,82.1708,147,0,0,0,0,0,0,0,0,0,0,0,0,0,0,0,1,0,0,0
1,2,22.0,0,0,545,7.25,147,0,1,0,0,0,0,0,0,0,0,0,1,0,0,0,0,0,0,0
0,0,27.0,0,2,27,211.5,79,0,0,1,0,0,0,0,0,0,0,0,0,0,0,1,0,0,0,0
0,2,20.0,0,0,183,4.0125,147,0,0,1,0,0,0,0,0,0,0,0,0,0,0,1,0,0,0,0
0,2,19.0,0,0,324,7.775,147,0,1,1,0,0,0,0,0,0,0,0,0,0,0,1,0,0,0,0
1,0,42.0,0,0,610,227.525,147,0,0,0,0,0,0,0,0,0,0,0,1,0,0,0,0,0,0,0
1,2,1.0,0,2,187,15.7417,147,0,0,0,0,0,0,0,0,0,0,0,1,0,0,0,0,0,0,0
0,2,32.0,0,0,665,7.925,147,0,1,1,0,0,0,0,0,0,0,0,0,0,0,1,0,0,0,0
1,0,35.0,1,0,43,52.0,147,0,1,0,0,0,0,0,0,0,0,0,0,0,0,0,1,0,0,0
0,2,29.69911764705882,0,0,371,7.8958,147,0,1,1,0,0,0,0,0,0,0,0,0,0,0,1,0,0,0,0
0,1,18.0,0,0,621,73.5,147,0,1,1,0,0,0,0,0,0,0,0,0,0,0,1,0,0,0,0
0,2,1.0,5,2,566,46.9,147,0,1,1,0,0,0,0,0,0,0,1,0,0,0,0,0,0,0,0
1,1,36.0,0,0,220,13.0,147,0,1,0,0,0,0,0,0,0,0,0,1,0,0,0,0,0,0,0
0,2,29.69911764705882,0,0,447,7.7292,147,1,0,1,0,0,0,0,0,0,0,0,0,0,0,1,0,0,0,0
1,1,17.0,0,0,625,12.0,147,0,0,0,0,0,0,0,0,0,0,0,1,0,0,0,0,0,0,0
1,0,36.0,1,2,33,120.0,47,0,1,1,0,0,0,0,0,0,0,0,0,0,0,1,0,0,0,0
1,2,21.0,0,0,401,7.7958,147,0,1,1,0,0,0,0,0,0,0,0,0,0,0,1,0,0,0,0
0,2,28.0,2,0,246,7.925,147,0,1,1,0,0,0,0,0,0,0,0,0,0,0,1,0,0,0,0
1,0,23.0,1,0,416,113.275,103,0,0,0,0,0,0,0,0,0,0,0,1,0,0,0,0,0,0,0
1,2,24.0,0,2,616,16.7,145,0,1,0,0,0,0,0,0,0,0,0,0,0,0,0,1,0,0,0
0,2,22.0,0,0,410,7.7958,147,0,1,1,0,0,0,0,0,0,0,0,0,0,0,1,0,0,0,0
0,2,31.0,0,0,414,7.8542,147,0,1,0,0,0,0,0,0,0,0,0,1,0,0,0,0,0,0,0
0,1,46.0,0,0,226,26.0,147,0,1,1,0,0,0,0,0,0,0,0,0,0,0,1,0,0,0,0
0,1,23.0,0,0,146,10.5,147,0,1,1,0,0,0,1,0,0,0,0,0,0,0,0,0,0,0,0
1,1,28.0,0,0,140,12.65,147,0,1,0,0,0,0,0,0,0,0,0,0,0,0,0,1,0,0,0
1,2,39.0,0,0,663,7.925,147,0,1,1,0,0,0,0,0,0,0,0,0,0,0,1,0,0,0,0
0,2,26.0,0,0,292,8.05,147,0,1,1,0,0,0,0,0,0,0,0,0,0,0,1,0,0,0,0
0,2,21.0,1,0,492,9.825,147,0,1,0,0,0,0,0,0,0,0,0,1,0,0,0,0,0,0,0
0,2,28.0,1,0,668,15.85,147,0,1,1,0,0,0,0,0,0,0,0,0,0,0,1,0,0,0,0
0,2,20.0,0,0,267,8.6625,147,0,1,0,0,0,0,0,0,0,0,0,1,0,0,0,0,0,0,0
0,1,34.0,1,0,230,21.0,147,0,1,1,0,0,0,0,0,0,0,0,0,0,0,1,0,0,0,0
0,2,51.0,0,0,321,7.75,147,0,1,1,0,0,0,0,0,0,0,0,0,0,0,1,0,0,0,0
1,1,3.0,1,1,237,18.75,147,0,1,1,0,0,0,0,0,0,0,1,0,0,0,0,0,0,0,0
0,2,21.0,0,0,255,7.775,147,0,1,1,0,0,0,0,0,0,0,0,0,0,0,1,0,0,0,0
0,2,29.69911764705882,3,1,488,25.4667,147,0,1,0,0,0,0,0,0,0,0,0,1,0,0,0,0,0,0,0
0,2,29.69911764705882,0,0,367,7.8958,147,0,1,1,0,0,0,0,0,0,0,0,0,0,0,1,0,0,0,0
0,2,29.69911764705882,0,0,487,6.8583,147,1,0,1,0,0,0,0,0,0,0,0,0,0,0,1,0,0,0,0
1,0,33.0,1,0,92,90.0,78,1,0,0,0,0,0,0,0,0,0,0,1,0,0,0,0,0,0,0
0,1,29.69911764705882,0,0,135,0.0,147,0,1,1,0,0,0,0,0,0,0,0,0,0,0,1,0,0,0,0
1,2,44.0,0,0,655,7.925,147,0,1,1,0,0,0,0,0,0,0,0,0,0,0,1,0,0,0,0
0,2,29.69911764705882,0,0,295,8.05,147,0,1,0,0,0,0,0,0,0,0,0,0,0,0,0,1,0,0,0
1,1,34.0,1,1,224,32.5,147,0,1,0,0,0,0,0,0,0,0,0,0,0,0,0,1,0,0,0
1,1,18.0,0,2,168,13.0,147,0,1,0,0,0,0,0,0,0,0,0,1,0,0,0,0,0,0,0
0,1,30.0,0,0,225,13.0,147,0,1,1,0,0,0,0,0,0,0,0,0,0,0,1,0,0,0,0
0,2,10.0,0,2,307,24.15,147,0,1,0,0,0,0,0,0,0,0,0,1,0,0,0,0,0,0,0
0,2,29.69911764705882,0,0,392,7.8958,147,0,0,1,0,0,0,0,0,0,0,0,0,0,0,1,0,0,0,0
0,2,21.0,0,0,534,7.7333,147,1,0,1,0,0,0,0,0,0,0,0,0,0,0,1,0,0,0,0
0,2,29.0,0,0,259,7.875,147,0,1,1,0,0,0,0,0,0,0,0,0,0,0,1,0,0,0,0
0,2,28.0,1,1,331,14.4,147,0,1,0,0,0,0,0,0,0,0,0,0,0,0,0,1,0,0,0
0,2,18.0,1,1,458,20.2125,147,0,1,1,0,0,0,0,0,0,0,0,0,0,0,1,0,0,0,0
0,2,29.69911764705882,0,0,521,7.25,147,0,1,1,0,0,0,0,0,0,0,0,0,0,0,1,0,0,0,0
1,1,28.0,1,0,100,26.0,147,0,1,0,0,0,0,0,0,0,0,0,0,0,0,0,1,0,0,0
1,1,19.0,0,0,170,26.0,147,0,1,0,0,0,0,0,0,0,0,0,1,0,0,0,0,0,0,0
0,2,29.69911764705882,0,0,437,7.75,147,1,0,1,0,0,0,0,0,0,0,0,0,0,0,1,0,0,0,0
1,2,32.0,0,0,644,8.05,115,0,1,1,0,0,0,0,0,0,0,0,0,0,0,1,0,0,0,0
1,0,28.0,0,0,3,26.55,71,0,1,1,0,0,0,0,0,0,0,0,0,0,0,1,0,0,0,0
1,2,29.69911764705882,1,0,476,16.1,147,0,1,0,0,0,0,0,0,0,0,0,0,0,0,0,1,0,0,0
1,1,42.0,1,0,627,26.0,147,0,1,0,0,0,0,0,0,0,0,0,0,0,0,0,1,0,0,0
0,2,17.0,0,0,657,7.125,147,0,1,1,0,0,0,0,0,0,0,0,0,0,0,1,0,0,0,0
0,0,50.0,1,0,72,55.9,128,0,1,1,0,0,0,0,0,0,0,0,0,0,0,1,0,0,0,0
1,0,14.0,1,2,33,120.0,47,0,1,0,0,0,0,0,0,0,0,0,1,0,0,0,0,0,0,0
0,2,21.0,2,2,676,34.375,147,0,1,0,0,0,0,0,0,0,0,0,1,0,0,0,0,0,0,0
1,1,24.0,2,3,237,18.75,147,0,1,0,0,0,0,0,0,0,0,0,0,0,0,0,1,0,0,0
0,0,64.0,1,4,95,263.0,63,0,1,1,0,0,0,0,0,0,0,0,0,0,0,1,0,0,0,0
0,1,31.0,0,0,547,10.5,147,0,1,1,0,0,0,0,0,0,0,0,0,0,0,1,0,0,0,0
1,1,45.0,1,1,571,26.25,147,0,1,0,0,0,0,0,0,0,0,0,0,0,0,0,1,0,0,0
0,2,20.0,0,0,305,9.5,147,0,1,1,0,0,0,0,0,0,0,0,0,0,0,1,0,0,0,0
0,2,25.0,1,0,328,7.775,147,0,1,1,0,0,0,0,0,0,0,0,0,0,0,1,0,0,0,0
1,1,28.0,0,0,116,13.0,147,0,1,0,0,0,0,0,0,0,0,0,0,0,0,0,0,1,0,0
1,2,29.69911764705882,0,0,499,8.1125,147,0,1,1,0,0,0,0,0,0,0,0,0,0,0,1,0,0,0,0
1,0,4.0,0,2,289,81.8583,10,0,1,1,0,0,0,0,0,0,0,1,0,0,0,0,0,0,0,0
1,1,13.0,0,1,162,19.5,147,0,1,0,0,0,0,0,0,0,0,0,1,0,0,0,0,0,0,0
1,0,34.0,0,0,45,26.55,147,0,1,1,0,0,0,0,0,0,0,0,0,0,0,1,0,0,0,0
1,2,5.0,2,1,194,19.2583,147,0,0,0,0,0,0,0,0,0,0,0,1,0,0,0,0,0,0,0
1,0,52.0,0,0,40,30.5,50,0,1,1,0,0,0,0,0,0,1,0,0,0,0,0,0,0,0,0
0,1,36.0,1,2,561,27.75,147,0,1,1,0,0,0,0,0,0,0,0,0,0,0,1,0,0,0,0
0,2,29.69911764705882,1,0,497,19.9667,147,0,1,1,0,0,0,0,0,0,0,0,0,0,0,1,0,0,0,0
0,0,30.0,0,0,22,27.75,53,0,0,1,0,0,0,0,0,0,0,0,0,0,0,1,0,0,0,0
1,0,49.0,1,0,84,89.1042,86,0,0,1,0,0,0,0,0,0,0,0,0,0,0,1,0,0,0,0
0,2,29.69911764705882,0,0,528,8.05,147,0,1,1,0,0,0,0,0,0,0,0,0,0,0,1,0,0,0,0
1,2,29.0,0,0,379,7.8958,147,0,0,1,0,0,0,0,0,0,0,0,0,0,0,1,0,0,0,0
0,0,65.0,0,0,73,26.55,126,0,1,1,0,0,0,0,0,0,0,0,0,0,0,1,0,0,0,0
1,0,29.69911764705882,1,0,86,51.8625,97,0,1,0,0,0,0,0,0,0,0,0,0,0,0,0,1,0,0,0
1,1,50.0,0,0,572,10.5,147,0,1,0,0,0,0,0,0,0,0,0,1,0,0,0,0,0,0,0
0,2,29.69911764705882,0,0,468,7.75,147,1,0,1,0,0,0,0,0,0,0,0,0,0,0,1,0,0,0,0
1,0,48.0,0,0,96,26.55,117,0,1,1,0,0,0,0,0,0,0,0,0,0,0,1,0,0,0,0
0,2,34.0,0,0,429,8.05,147,0,1,1,0,0,0,0,0,0,0,0,0,0,0,1,0,0,0,0
0,0,47.0,0,0,6,38.5,133,0,1,1,0,0,0,0,0,0,0,0,0,0,0,1,0,0,0,0
0,1,48.0,0,0,121,13.0,147,0,1,1,0,0,0,0,0,0,0,0,0,0,0,1,0,0,0,0
0,2,29.69911764705882,0,0,539,8.05,147,0,1,1,0,0,0,0,0,0,0,0,0,0,0,1,0,0,0,0
0,2,38.0,0,0,639,7.05,147,0,1,1,0,0,0,0,0,0,0,0,0,0,0,1,0,0,0,0
0,1,29.69911764705882,0,0,135,0.0,147,0,1,1,0,0,0,0,0,0,0,0,0,0,0,1,0,0,0,0
0,0,56.0,0,0,44,26.55,147,0,1,1,0,0,0,0,0,0,0,0,0,0,0,1,0,0,0,0
0,2,29.69911764705882,0,0,421,7.725,147,1,0,1,0,0,0,0,0,0,0,0,0,0,0,1,0,0,0,0
1,2,0.75,2,1,194,19.2583,147,0,0,0,0,0,0,0,0,0,0,0,1,0,0,0,0,0,0,0
0,2,29.69911764705882,0,0,272,7.25,147,0,1,1,0,0,0,0,0,0,0,0,0,0,0,1,0,0,0,0
0,2,38.0,0,0,263,8.6625,147,0,1,1,0,0,0,0,0,0,0,0,0,0,0,1,0,0,0,0
1,1,33.0,1,2,561,27.75,147,0,1,0,0,0,0,0,0,0,0,0,0,0,0,0,1,0,0,0
1,1,23.0,0,0,628,13.7917,90,0,0,0,0,0,0,0,0,0,0,0,0,0,0,0,1,0,0,0
0,2,22.0,0,0,509,9.8375,147,0,1,0,0,0,0,0,0,0,0,0,1,0,0,0,0,0,0,0
0,0,29.69911764705882,0,0,2,52.0,1,0,1,1,0,0,0,0,0,0,0,0,0,0,0,1,0,0,0,0
0,1,34.0,1,0,252,21.0,147,0,1,1,0,0,0,0,0,0,0,0,0,0,0,1,0,0,0,0
0,2,29.0,1,0,315,7.0458,147,0,1,1,0,0,0,0,0,0,0,0,0,0,0,1,0,0,0,0
0,2,22.0,0,0,411,7.5208,147,0,1,1,0,0,0,0,0,0,0,0,0,0,0,1,0,0,0,0
1,2,2.0,0,1,251,12.2875,147,0,1,0,0,0,0,0,0,0,0,0,1,0,0,0,0,0,0,0
0,2,9.0,5,2,566,46.9,147,0,1,1,0,0,0,0,0,0,0,1,0,0,0,0,0,0,0,0
0,1,29.69911764705882,0,0,136,0.0,147,0,1,1,0,0,0,0,0,0,0,0,0,0,0,1,0,0,0,0
0,2,50.0,0,0,531,8.05,147,0,1,1,0,0,0,0,0,0,0,0,0,0,0,1,0,0,0,0
1,2,63.0,0,0,489,9.5875,147,0,1,0,0,0,0,0,0,0,0,0,0,0,0,0,1,0,0,0
1,0,25.0,1,0,64,91.0792,31,0,0,1,0,0,0,0,0,0,0,0,0,0,0,1,0,0,0,0
0,2,29.69911764705882,3,1,488,25.4667,147,0,1,0,0,0,0,0,0,0,0,0,1,0,0,0,0,0,0,0
1,0,35.0,1,0,93,90.0,87,0,1,0,0,0,0,0,0,0,0,0,0,0,0,0,1,0,0,0
0,0,58.0,0,0,61,29.7,25,0,0,1,0,0,0,0,0,0,0,0,0,0,0,1,0,0,0,0
0,2,30.0,0,0,517,8.05,147,0,1,1,0,0,0,0,0,0,0,0,0,0,0,1,0,0,0,0
1,2,9.0,1,1,562,15.9,147,0,1,1,0,0,0,0,0,0,0,1,0,0,0,0,0,0,0,0
0,2,29.69911764705882,1,0,498,19.9667,147,0,1,1,0,0,0,0,0,0,0,0,0,0,0,1,0,0,0,0
0,2,21.0,0,0,649,7.25,147,0,1,1,0,0,0,0,0,0,0,0,0,0,0,1,0,0,0,0
0,0,55.0,0,0,41,30.5,64,0,1,1,0,0,0,0,0,0,0,0,0,0,0,1,0,0,0,0
0,0,71.0,0,0,603,49.5042,147,0,0,1,0,0,0,0,0,0,0,0,0,0,0,1,0,0,0,0
0,2,21.0,0,0,518,8.05,147,0,1,1,0,0,0,0,0,0,0,0,0,0,0,1,0,0,0,0
0,2,29.69911764705882,0,0,176,14.4583,147,0,0,1,0,0,0,0,0,0,0,0,0,0,0,1,0,0,0,0
1,0,54.0,1,0,454,78.2667,96,0,0,0,0,0,0,0,0,0,0,0,1,0,0,0,0,0,0,0
0,2,29.69911764705882,0,0,564,15.1,147,0,1,1,0,0,0,0,0,0,0,0,0,0,0,1,0,0,0,0
0,0,25.0,1,2,37,151.55,62,0,1,0,0,0,0,0,0,0,0,0,0,0,0,0,1,0,0,0
0,2,24.0,0,0,402,7.7958,147,0,1,1,0,0,0,0,0,0,0,0,0,0,0,1,0,0,0,0
0,2,17.0,0,0,261,8.6625,147,0,1,1,0,0,0,0,0,0,0,0,0,0,0,1,0,0,0,0
0,2,21.0,0,0,433,7.75,147,1,0,0,0,0,0,0,0,0,0,0,1,0,0,0,0,0,0,0
0,2,29.69911764705882,0,0,276,7.6292,147,1,0,0,0,0,0,0,0,0,0,0,1,0,0,0,0,0,0,0
0,2,37.0,0,0,490,9.5875,147,0,1,0,0,0,0,0,0,0,0,0,1,0,0,0,0,0,0,0
1,0,16.0,0,0,0,86.5,42,0,1,0,0,0,0,0,0,0,0,0,1,0,0,0,0,0,0,0
0,0,18.0,1,0,611,108.9,74,0,0,1,0,0,0,0,0,0,0,0,0,0,0,1,0,0,0,0
1,1,33.0,0,2,180,26.0,147,0,1,0,0,0,0,0,0,0,0,0,0,0,0,0,1,0,0,0
1,0,29.69911764705882,0,0,10,26.55,147,0,1,1,0,0,0,0,0,0,0,0,0,0,0,1,0,0,0,0
0,2,28.0,0,0,542,22.525,147,0,1,1,0,0,0,0,0,0,0,0,0,0,0,1,0,0,0,0
1,2,26.0,0,0,80,56.4958,147,0,1,1,0,0,0,0,0,0,0,0,0,0,0,1,0,0,0,0
1,2,29.0,0,0,479,7.75,147,1,0,1,0,0,0,0,0,0,0,0,0,0,0,1,0,0,0,0
0,2,29.69911764705882,0,0,648,8.05,147,0,1,1,0,0,0,0,0,0,0,0,0,0,0,1,0,0,0,0
1,0,36.0,0,0,577,26.2875,121,0,1,1,0,0,0,0,0,0,0,0,0,0,0,1,0,0,0,0
1,0,54.0,1,0,599,59.4,147,0,0,0,0,0,0,0,0,0,0,0,0,0,0,0,1,0,0,0
0,2,24.0,0,0,356,7.4958,147,0,1,1,0,0,0,0,0,0,0,0,0,0,0,1,0,0,0,0
0,0,47.0,0,0,456,34.0208,106,0,1,1,0,0,0,0,0,0,0,0,0,0,0,1,0,0,0,0
1,1,34.0,0,0,560,10.5,142,0,1,0,0,0,0,0,0,0,0,0,0,0,0,0,1,0,0,0
0,2,29.69911764705882,0,0,469,24.15,147,1,0,1,0,0,0,0,0,0,0,0,0,0,0,1,0,0,0,0
1,1,36.0,1,0,110,26.0,147,0,1,0,0,0,0,0,0,0,0,0,0,0,0,0,1,0,0,0
0,2,32.0,0,0,381,7.8958,147,0,1,1,0,0,0,0,0,0,0,0,0,0,0,1,0,0,0,0
1,0,30.0,0,0,67,93.5,39,0,1,0,0,0,0,0,0,0,0,0,1,0,0,0,0,0,0,0
0,2,22.0,0,0,390,7.8958,147,0,1,1,0,0,0,0,0,0,0,0,0,0,0,1,0,0,0,0
0,2,29.69911764705882,0,0,173,7.225,147,0,0,1,0,0,0,0,0,0,0,0,0,0,0,1,0,0,0,0
1,0,44.0,0,1,7,57.9792,17,0,0,0,0,0,0,0,0,0,0,0,0,0,0,0,1,0,0,0
0,2,29.69911764705882,0,0,217,7.2292,147,0,0,1,0,0,0,0,0,0,0,0,0,0,0,1,0,0,0,0
0,2,40.5,0,0,446,7.75,147,1,0,1,0,0,0,0,0,0,0,0,0,0,0,1,0,0,0,0
1,1,50.0,0,0,673,10.5,147,0,1,0,0,0,0,0,0,0,0,0,1,0,0,0,0,0,0,0
0,0,29.69911764705882,0,0,583,221.7792,88,0,1,1,0,0,0,0,0,0,0,0,0,0,0,1,0,0,0,0
0,2,39.0,0,0,250,7.925,147,0,1,1,0,0,0,0,0,0,0,0,0,0,0,1,0,0,0,0
0,1,23.0,2,1,235,11.5,147,0,1,1,0,0,0,0,0,0,0,0,0,0,0,1,0,0,0,0
1,1,2.0,1,1,180,26.0,147,0,1,0,0,0,0,0,0,0,0,0,1,0,0,0,0,0,0,0
0,2,29.69911764705882,0,0,181,7.2292,147,0,0,1,0,0,0,0,0,0,0,0,0,0,0,1,0,0,0,0
0,2,17.0,1,1,210,7.2292,147,0,0,1,0,0,0,0,0,0,0,0,0,0,0,1,0,0,0,0
1,2,29.69911764705882,0,2,196,22.3583,147,0,0,0,0,0,0,0,0,0,0,0,0,0,0,0,1,0,0,0
0,2,30.0,0,0,260,8.6625,147,0,1,0,0,0,0,0,0,0,0,0,1,0,0,0,0,0,0,0
1,1,7.0,0,2,571,26.25,147,0,1,0,0,0,0,0,0,0,0,0,1,0,0,0,0,0,0,0
0,0,45.0,0,0,21,26.55,26,0,1,1,0,0,0,0,0,0,1,0,0,0,0,0,0,0,0,0
1,0,30.0,0,0,614,106.425,147,0,0,0,0,0,0,0,0,0,0,0,1,0,0,0,0,0,0,0
0,2,29.69911764705882,0,0,426,14.5,147,0,1,1,0,0,0,0,0,0,0,0,0,0,0,1,0,0,0,0
1,0,22.0,0,2,75,49.5,27,0,0,0,0,0,0,0,0,0,0,0,1,0,0,0,0,0,0,0
1,0,36.0,0,2,680,71.0,20,0,1,0,0,0,0,0,0,0,0,0,1,0,0,0,0,0,0,0
0,2,9.0,4,2,333,31.275,147,0,1,0,0,0,0,0,0,0,0,0,1,0,0,0,0,0,0,0
0,2,11.0,4,2,333,31.275,147,0,1,0,0,0,0,0,0,0,0,0,1,0,0,0,0,0,0,0
1,1,32.0,1,0,233,26.0,147,0,1,1,0,0,0,0,0,0,0,0,0,0,0,1,0,0,0,0
0,0,50.0,1,0,614,106.425,82,0,0,1,0,0,0,0,0,0,0,0,0,0,0,1,0,0,0,0
0,0,64.0,0,0,501,26.0,147,0,1,1,0,0,0,0,0,0,0,0,0,0,0,1,0,0,0,0
1,1,19.0,1,0,233,26.0,147,0,1,0,0,0,0,0,0,0,0,0,0,0,0,0,1,0,0,0
1,1,29.69911764705882,0,0,631,13.8625,147,0,0,1,0,0,0,0,0,0,0,0,0,0,0,1,0,0,0,0
0,2,33.0,1,1,423,20.525,147,0,1,1,0,0,0,0,0,0,0,0,0,0,0,1,0,0,0,0
1,1,8.0,1,1,558,36.75,147,0,1,1,0,0,0,0,0,0,0,1,0,0,0,0,0,0,0,0
1,0,17.0,0,2,83,110.8833,77,0,0,1,0,0,0,0,0,0,0,0,0,0,0,1,0,0,0,0
0,1,27.0,0,0,148,26.0,147,0,1,1,0,0,0,0,0,0,0,0,0,0,0,1,0,0,0,0
0,2,29.69911764705882,0,0,284,7.8292,147,1,0,1,0,0,0,0,0,0,0,0,0,0,0,1,0,0,0,0
1,2,22.0,0,0,171,7.225,147,0,0,1,0,0,0,0,0,0,0,0,0,0,0,1,0,0,0,0
1,2,22.0,0,0,335,7.775,147,0,1,0,0,0,0,0,0,0,0,0,1,0,0,0,0,0,0,0
0,0,62.0,0,0,52,26.55,147,0,1,1,0,0,0,0,0,0,0,0,0,0,0,1,0,0,0,0
1,0,48.0,1,0,57,39.6,2,0,0,0,0,0,0,0,0,1,0,0,0,0,0,0,0,0,0,0
0,0,29.69911764705882,0,0,610,227.525,147,0,0,1,0,0,0,0,0,0,0,0,0,0,0,1,0,0,0,0
1,0,39.0,1,1,1,79.65,134,0,1,0,0,0,0,0,0,0,0,0,0,0,0,0,1,0,0,0
1,2,36.0,1,0,300,17.4,147,0,1,0,0,0,0,0,0,0,0,0,0,0,0,0,1,0,0,0
0,2,29.69911764705882,0,0,471,7.75,147,1,0,1,0,0,0,0,0,0,0,0,0,0,0,1,0,0,0,0
0,2,40.0,0,0,389,7.8958,147,0,1,1,0,0,0,0,0,0,0,0,0,0,0,1,0,0,0,0
0,1,28.0,0,0,103,13.5,147,0,1,1,0,0,0,0,0,0,0,0,0,0,0,1,0,0,0,0
0,2,29.69911764705882,0,0,651,8.05,147,0,1,1,0,0,0,0,0,0,0,0,0,0,0,1,0,0,0,0
0,2,29.69911764705882,0,0,645,8.05,147,0,1,0,0,0,0,0,0,0,0,0,1,0,0,0,0,0,0,0
0,2,24.0,2,0,519,24.15,147,0,1,1,0,0,0,0,0,0,0,0,0,0,0,1,0,0,0,0
0,2,19.0,0,0,352,7.8958,147,0,1,1,0,0,0,0,0,0,0,0,0,0,0,1,0,0,0,0
0,2,29.0,0,4,395,21.075,147,0,1,0,0,0,0,0,0,0,0,0,0,0,0,0,1,0,0,0
0,2,29.69911764705882,0,0,207,7.2292,147,0,0,1,0,0,0,0,0,0,0,0,0,0,0,1,0,0,0,0
1,2,32.0,0,0,415,7.8542,147,0,1,1,0,0,0,0,0,0,0,0,0,0,0,1,0,0,0,0
1,1,62.0,0,0,624,10.5,147,0,1,1,0,0,0,0,0,0,0,0,0,0,0,1,0,0,0,0
1,0,53.0,2,0,60,51.4792,48,0,1,0,0,0,0,0,0,0,0,0,0,0,0,0,1,0,0,0
1,0,36.0,0,0,578,26.3875,121,0,1,1,0,0,0,0,0,0,0,0,0,0,0,1,0,0,0,0
1,2,29.69911764705882,0,0,77,7.75,147,1,0,0,0,0,0,0,0,0,0,0,1,0,0,0,0,0,0,0
0,2,16.0,0,0,520,8.05,147,0,1,1,0,0,0,0,0,0,0,0,0,0,0,1,0,0,0,0
0,2,19.0,0,0,420,14.5,147,0,1,1,0,0,0,0,0,0,0,0,0,0,0,1,0,0,0,0
1,1,34.0,0,0,143,13.0,147,0,1,0,0,0,0,0,0,0,0,0,1,0,0,0,0,0,0,0
1,0,39.0,1,0,72,55.9,128,0,1,0,0,0,0,0,0,0,0,0,0,0,0,0,1,0,0,0
0,2,29.69911764705882,1,0,209,14.4583,147,0,0,0,0,0,0,0,0,0,0,0,0,0,0,0,1,0,0,0
1,2,32.0,0,0,661,7.925,147,0,1,1,0,0,0,0,0,0,0,0,0,0,0,1,0,0,0,0
1,1,25.0,1,1,133,30.0,147,0,1,0,0,0,0,0,0,0,0,0,1,0,0,0,0,0,0,0
1,0,39.0,1,1,83,110.8833,75,0,0,0,0,0,0,0,0,0,0,0,0,0,0,0,1,0,0,0
0,1,54.0,0,0,226,26.0,147,0,1,1,0,0,0,0,0,0,0,0,0,0,0,1,0,0,0,0
0,0,36.0,0,0,68,40.125,0,0,0,1,0,0,0,0,0,0,0,0,0,0,0,1,0,0,0,0
0,2,29.69911764705882,0,0,291,8.7125,147,0,0,1,0,0,0,0,0,0,0,0,0,0,0,1,0,0,0,0
1,0,18.0,0,2,1,79.65,135,0,1,0,0,0,0,0,0,0,0,0,1,0,0,0,0,0,0,0
0,1,47.0,0,0,129,15.0,147,0,1,1,0,0,0,0,0,0,0,0,0,0,0,1,0,0,0,0
1,0,60.0,1,1,74,79.2,29,0,0,1,0,0,0,0,0,0,0,0,0,0,0,1,0,0,0,0
0,2,22.0,0,0,79,8.05,147,0,1,1,0,0,0,0,0,0,0,0,0,0,0,1,0,0,0,0
0,2,29.69911764705882,0,0,515,8.05,147,0,1,1,0,0,0,0,0,0,0,0,0,0,0,1,0,0,0,0
0,2,35.0,0,0,656,7.125,147,0,1,1,0,0,0,0,0,0,0,0,0,0,0,1,0,0,0,0
1,0,52.0,1,0,454,78.2667,96,0,0,0,0,0,0,0,0,0,0,0,0,0,0,0,1,0,0,0
0,2,47.0,0,0,532,7.25,147,0,1,1,0,0,0,0,0,0,0,0,0,0,0,1,0,0,0,0
0,2,29.69911764705882,0,2,434,7.75,147,1,0,0,0,0,0,0,0,0,0,0,1,0,0,0,0,0,0,0
0,1,37.0,1,0,626,26.0,147,0,1,1,0,0,0,0,0,0,0,0,0,0,0,1,0,0,0,0
0,2,36.0,1,1,307,24.15,147,0,1,1,0,0,0,0,0,0,0,0,0,0,0,1,0,0,0,0
1,1,29.69911764705882,0,0,155,33.0,147,0,1,0,0,0,0,0,0,0,0,0,1,0,0,0,0,0,0,0
0,2,49.0,0,0,574,0.0,147,0,1,1,0,0,0,0,0,0,0,0,0,0,0,1,0,0,0,0
0,2,29.69911764705882,0,0,192,7.225,147,0,0,1,0,0,0,0,0,0,0,0,0,0,0,1,0,0,0,0
1,0,49.0,1,0,584,56.9292,4,0,0,1,0,0,0,0,0,0,0,0,0,0,0,0,0,0,0,1
1,1,24.0,2,1,142,27.0,147,0,1,0,0,0,0,0,0,0,0,0,0,0,0,0,1,0,0,0
0,2,29.69911764705882,0,0,360,7.8958,147,0,1,1,0,0,0,0,0,0,0,0,0,0,0,1,0,0,0,0
0,0,29.69911764705882,0,0,46,42.4,147,0,1,1,0,0,0,0,0,0,0,0,0,0,0,1,0,0,0,0
0,2,44.0,0,0,430,8.05,147,0,1,1,0,0,0,0,0,0,0,0,0,0,0,1,0,0,0,0
1,0,35.0,0,0,9,26.55,147,0,0,1,0,0,0,0,0,0,0,0,0,0,0,1,0,0,0,0
0,2,36.0,1,0,396,15.55,147,0,1,1,0,0,0,0,0,0,0,0,0,0,0,1,0,0,0,0
0,2,30.0,0,0,385,7.8958,147,0,1,1,0,0,0,0,0,0,0,0,0,0,0,1,0,0,0,0
1,0,27.0,0,0,50,30.5,147,0,1,1,0,0,0,0,0,0,0,0,0,0,0,1,0,0,0,0
1,1,22.0,1,2,634,41.5792,147,0,0,0,0,0,0,0,0,0,0,0,0,0,0,0,1,0,0,0
1,0,40.0,0,0,588,153.4625,57,0,1,0,0,0,0,0,0,0,0,0,1,0,0,0,0,0,0,0
0,2,39.0,1,5,333,31.275,147,0,1,0,0,0,0,0,0,0,0,0,0,0,0,0,1,0,0,0
0,2,29.69911764705882,0,0,638,7.05,147,0,1,1,0,0,0,0,0,0,0,0,0,0,0,1,0,0,0,0
1,2,29.69911764705882,1,0,444,15.5,147,1,0,0,0,0,0,0,0,0,0,0,1,0,0,0,0,0,0,0
0,2,29.69911764705882,0,0,467,7.75,147,1,0,1,0,0,0,0,0,0,0,0,0,0,0,1,0,0,0,0
0,2,35.0,0,0,431,8.05,147,0,1,1,0,0,0,0,0,0,0,0,0,0,0,1,0,0,0,0
1,1,24.0,1,2,106,65.0,147,0,1,0,0,0,0,0,0,0,0,0,1,0,0,0,0,0,0,0
0,2,34.0,1,1,331,14.4,147,0,1,1,0,0,0,0,0,0,0,0,0,0,0,1,0,0,0,0
0,2,26.0,1,0,536,16.1,147,0,1,0,0,0,0,0,0,0,0,0,0,0,0,0,1,0,0,0
1,1,4.0,2,1,114,39.0,144,0,1,0,0,0,0,0,0,0,0,0,1,0,0,0,0,0,0,0
0,1,26.0,0,0,253,10.5,147,0,1,1,0,0,0,0,0,0,0,0,0,0,0,1,0,0,0,0
0,2,27.0,1,0,188,14.4542,147,0,0,1,0,0,0,0,0,0,0,0,0,0,0,1,0,0,0,0
1,0,42.0,1,0,56,52.5542,95,0,1,1,0,0,0,0,0,0,0,0,0,0,0,1,0,0,0,0
1,2,20.0,1,1,187,15.7417,147,0,0,1,0,0,0,0,0,0,0,0,0,0,0,1,0,0,0,0
0,2,21.0,0,0,400,7.8542,147,0,1,1,0,0,0,0,0,0,0,0,0,0,0,1,0,0,0,0
0,2,21.0,0,0,495,16.1,147,0,1,1,0,0,0,0,0,0,0,0,0,0,0,1,0,0,0,0
0,0,61.0,0,0,455,32.3208,110,0,1,1,0,0,0,0,0,0,0,0,0,0,0,1,0,0,0,0
0,1,57.0,0,0,104,12.35,147,1,0,1,0,0,0,0,0,0,0,0,0,0,0,0,0,0,1,0
1,0,21.0,0,0,71,77.9583,114,0,1,0,0,0,0,0,0,0,0,0,1,0,0,0,0,0,0,0
0,2,26.0,0,0,369,7.8958,147,0,1,1,0,0,0,0,0,0,0,0,0,0,0,1,0,0,0,0
0,2,29.69911764705882,0,0,286,7.7333,147,1,0,1,0,0,0,0,0,0,0,0,0,0,0,1,0,0,0,0
1,0,80.0,0,0,218,30.0,5,0,1,1,0,0,0,0,0,0,0,0,0,0,0,1,0,0,0,0
0,2,51.0,0,0,345,7.0542,147,0,1,1,0,0,0,0,0,0,0,0,0,0,0,1,0,0,0,0
1,0,32.0,0,0,70,30.5,33,0,0,1,0,0,0,1,0,0,0,0,0,0,0,0,0,0,0,0
0,0,29.69911764705882,0,0,13,0.0,147,0,1,1,0,0,0,0,0,0,0,0,0,0,0,1,0,0,0,0
0,2,9.0,3,2,337,27.9,147,0,1,0,0,0,0,0,0,0,0,0,1,0,0,0,0,0,0,0
1,1,28.0,0,0,130,13.0,147,0,1,0,0,0,0,0,0,0,0,0,1,0,0,0,0,0,0,0
0,2,32.0,0,0,664,7.925,147,0,1,1,0,0,0,0,0,0,0,0,0,0,0,1,0,0,0,0
0,1,31.0,1,1,556,26.25,147,0,1,1,0,0,0,0,0,0,0,0,0,0,0,1,0,0,0,0
0,2,41.0,0,5,249,39.6875,147,0,1,0,0,0,0,0,0,0,0,0,0,0,0,0,1,0,0,0
0,2,29.69911764705882,1,0,476,16.1,147,0,1,1,0,0,0,0,0,0,0,0,0,0,0,1,0,0,0,0
0,2,20.0,0,0,409,7.8542,147,0,1,1,0,0,0,0,0,0,0,0,0,0,0,1,0,0,0,0
1,0,24.0,0,0,581,69.3,24,0,0,0,0,0,0,0,0,0,0,0,0,1,0,0,0,0,0,0
0,2,2.0,3,2,337,27.9,147,0,1,0,0,0,0,0,0,0,0,0,1,0,0,0,0,0,0,0
1,2,29.69911764705882,0,0,80,56.4958,147,0,1,1,0,0,0,0,0,0,0,0,0,0,0,1,0,0,0,0
1,2,0.75,2,1,194,19.2583,147,0,0,0,0,0,0,0,0,0,0,0,1,0,0,0,0,0,0,0
1,0,48.0,1,0,587,76.7292,101,0,0,1,0,0,0,0,0,0,0,0,0,0,0,1,0,0,0,0
0,2,19.0,0,0,373,7.8958,147,0,1,1,0,0,0,0,0,0,0,0,0,0,0,1,0,0,0,0
1,0,56.0,0,0,69,35.5,7,0,0,1,1,0,0,0,0,0,0,0,0,0,0,0,0,0,0,0
0,2,29.69911764705882,0,0,620,7.55,147,0,1,1,0,0,0,0,0,0,0,0,0,0,0,1,0,0,0,0
1,2,23.0,0,0,567,7.55,147,0,1,0,0,0,0,0,0,0,0,0,1,0,0,0,0,0,0,0
0,2,29.69911764705882,0,0,366,7.8958,147,0,1,1,0,0,0,0,0,0,0,0,0,0,0,1,0,0,0,0
1,1,18.0,0,1,117,23.0,147,0,1,0,0,0,0,0,0,0,0,0,1,0,0,0,0,0,0,0
0,2,21.0,0,0,512,8.4333,147,0,1,1,0,0,0,0,0,0,0,0,0,0,0,1,0,0,0,0
1,2,29.69911764705882,0,0,277,7.8292,147,1,0,0,0,0,0,0,0,0,0,0,1,0,0,0,0,0,0,0
0,2,18.0,0,0,439,6.75,147,1,0,0,0,0,0,0,0,0,0,0,1,0,0,0,0,0,0,0
0,1,24.0,2,0,621,73.5,147,0,1,1,0,0,0,0,0,0,0,0,0,0,0,1,0,0,0,0
0,2,29.69911764705882,0,0,368,7.8958,147,0,1,1,0,0,0,0,0,0,0,0,0,0,0,1,0,0,0,0
0,2,32.0,1,1,435,15.5,147,1,0,0,0,0,0,0,0,0,0,0,0,0,0,0,1,0,0,0
0,1,23.0,0,0,241,13.0,147,0,1,1,0,0,0,0,0,0,0,0,0,0,0,1,0,0,0,0
0,0,58.0,0,2,416,113.275,108,0,0,1,0,0,0,0,0,0,0,0,0,0,0,1,0,0,0,0
1,0,50.0,2,0,605,133.65,147,0,1,1,0,0,0,1,0,0,0,0,0,0,0,0,0,0,0,0
0,2,40.0,0,0,172,7.225,147,0,0,1,0,0,0,0,0,0,0,0,0,0,0,1,0,0,0,0
0,0,47.0,0,0,496,25.5875,132,0,1,1,0,0,0,0,0,0,0,0,0,0,0,1,0,0,0,0
0,2,36.0,0,0,357,7.4958,147,0,1,1,0,0,0,0,0,0,0,0,0,0,0,1,0,0,0,0
1,2,20.0,1,0,660,7.925,147,0,1,1,0,0,0,0,0,0,0,0,0,0,0,1,0,0,0,0
0,1,32.0,2,0,621,73.5,147,0,1,1,0,0,0,0,0,0,0,0,0,0,0,1,0,0,0,0
0,1,25.0,0,0,123,13.0,147,0,1,1,0,0,0,0,0,0,0,0,0,0,0,1,0,0,0,0
0,2,29.69911764705882,0,0,256,7.775,147,0,1,1,0,0,0,0,0,0,0,0,0,0,0,1,0,0,0,0
0,2,43.0,0,0,529,8.05,147,0,1,1,0,0,0,0,0,0,0,0,0,0,0,1,0,0,0,0
1,0,29.69911764705882,1,0,99,52.0,58,0,1,0,0,0,0,0,0,0,0,0,0,0,0,0,1,0,0,0
1,1,40.0,1,1,240,39.0,147,0,1,0,0,0,0,0,0,0,0,0,0,0,0,0,1,0,0,0
0,0,31.0,1,0,569,52.0,38,0,1,1,0,0,0,0,0,0,0,0,0,0,0,1,0,0,0,0
0,1,70.0,0,0,550,10.5,147,0,1,1,0,0,0,0,0,0,0,0,0,0,0,1,0,0,0,0
1,1,31.0,0,0,145,13.0,147,0,1,1,0,0,0,0,0,0,0,0,0,0,0,1,0,0,0,0
0,1,29.69911764705882,0,0,138,0.0,147,0,1,1,0,0,0,0,0,0,0,0,0,0,0,1,0,0,0,0
0,2,18.0,0,0,397,7.775,147,0,1,1,0,0,0,0,0,0,0,0,0,0,0,1,0,0,0,0
0,2,24.5,0,0,294,8.05,147,0,1,1,0,0,0,0,0,0,0,0,0,0,0,1,0,0,0,0
1,2,18.0,0,0,493,9.8417,147,0,1,0,0,0,0,0,0,0,0,0,1,0,0,0,0,0,0,0
0,2,43.0,1,6,566,46.9,147,0,1,0,0,0,0,0,0,0,0,0,0,0,0,0,1,0,0,0
1,0,36.0,0,1,608,512.3292,34,0,0,1,0,0,0,0,0,0,0,0,0,0,0,1,0,0,0,0
0,2,29.69911764705882,0,0,281,8.1375,147,1,0,0,0,0,0,0,0,0,0,0,1,0,0,0,0,0,0,0
1,0,27.0,0,0,587,76.7292,109,0,0,1,0,0,0,0,0,0,0,0,0,0,0,1,0,0,0,0
0,2,20.0,0,0,500,9.225,147,0,1,1,0,0,0,0,0,0,0,0,0,0,0,1,0,0,0,0
0,2,14.0,5,2,566,46.9,147,0,1,1,0,0,0,0,0,0,0,0,0,0,0,1,0,0,0,0
0,1,60.0,1,1,240,39.0,147,0,1,1,0,0,0,0,0,0,0,0,0,0,0,1,0,0,0,0
0,1,25.0,1,2,634,41.5792,147,0,0,1,0,0,0,0,0,0,0,0,0,0,0,1,0,0,0,0
0,2,14.0,4,1,249,39.6875,147,0,1,1,0,0,0,0,0,0,0,0,0,0,0,1,0,0,0,0
0,2,19.0,0,0,372,10.1708,147,0,1,1,0,0,0,0,0,0,0,0,0,0,0,1,0,0,0,0
0,2,18.0,0,0,403,7.7958,147,0,1,1,0,0,0,0,0,0,0,0,0,0,0,1,0,0,0,0
1,0,15.0,0,1,141,211.3375,32,0,1,0,0,0,0,0,0,0,0,0,1,0,0,0,0,0,0,0
1,0,31.0,1,0,89,57.0,19,0,1,1,0,0,0,0,0,0,0,0,0,0,0,1,0,0,0,0
1,2,4.0,0,1,393,13.4167,147,0,0,0,0,0,0,0,0,0,0,0,1,0,0,0,0,0,0,0
1,2,29.69911764705882,0,0,80,56.4958,147,0,1,1,0,0,0,0,0,0,0,0,0,0,0,1,0,0,0,0
0,2,25.0,0,0,200,7.225,147,0,0,1,0,0,0,0,0,0,0,0,0,0,0,1,0,0,0,0
0,0,60.0,0,0,48,26.55,147,0,1,1,1,0,0,0,0,0,0,0,0,0,0,0,0,0,0,0
0,1,52.0,0,0,156,13.5,147,0,1,1,0,0,0,0,0,0,0,0,0,0,0,1,0,0,0,0
0,2,44.0,0,0,425,8.05,147,0,1,1,0,0,0,0,0,0,0,0,0,0,0,1,0,0,0,0
1,2,29.69911764705882,0,0,419,7.7333,147,1,0,0,0,0,0,0,0,0,0,0,1,0,0,0,0,0,0,0
0,0,49.0,1,1,83,110.8833,75,0,0,1,0,0,0,0,0,0,0,0,0,0,0,1,0,0,0,0
0,2,42.0,0,0,346,7.65,139,0,1,1,0,0,0,0,0,0,0,0,0,0,0,1,0,0,0,0
1,0,18.0,1,0,610,227.525,73,0,0,0,0,0,0,0,0,0,0,0,0,0,0,0,1,0,0,0
1,0,35.0,0,0,579,26.2875,120,0,1,1,0,0,0,0,0,0,0,0,0,0,0,1,0,0,0,0
0,2,18.0,0,1,211,14.4542,147,0,0,0,0,0,0,0,0,0,0,0,1,0,0,0,0,0,0,0
0,2,25.0,0,0,449,7.7417,147,1,0,1,0,0,0,0,0,0,0,0,0,0,0,1,0,0,0,0
0,2,26.0,1,0,398,7.8542,147,0,1,1,0,0,0,0,0,0,0,0,0,0,0,1,0,0,0,0
0,1,39.0,0,0,170,26.0,147,0,1,1,0,0,0,0,0,0,0,0,0,0,0,1,0,0,0,0
1,1,45.0,0,0,108,13.5,147,0,1,0,0,0,0,0,0,0,0,0,0,0,0,0,1,0,0,0
1,0,42.0,0,0,580,26.2875,120,0,1,1,0,0,0,0,0,0,0,0,0,0,0,1,0,0,0,0
1,0,22.0,0,0,37,151.55,147,0,1,0,0,0,0,0,0,0,0,0,1,0,0,0,0,0,0,0
1,2,29.69911764705882,1,1,189,15.2458,147,0,0,1,0,0,0,0,0,0,0,1,0,0,0,0,0,0,0,0
1,0,24.0,0,0,582,49.5042,84,0,0,0,0,0,0,0,0,0,0,0,0,1,0,0,0,0,0,0
0,0,29.69911764705882,0,0,19,26.55,56,0,1,1,0,0,0,0,0,0,0,0,0,0,0,1,0,0,0,0
